Entrance_timestamp,smooth_weight
2019-11-15 00:00:00+00:00,58.35714285714285
2019-11-15 00:20:00+00:00,58.31249999999999
2019-11-15 00:40:00+00:00,58.26785714285713
2019-11-15 01:00:00+00:00,58.22321428571428
2019-11-15 01:20:00+00:00,58.178571428571416
2019-11-15 01:40:00+00:00,58.13392857142856
2019-11-15 02:00:00+00:00,58.08928571428571
2019-11-15 02:20:00+00:00,58.04464285714285
2019-11-15 02:40:00+00:00,57.99999999999999
2019-11-15 03:00:00+00:00,57.95535714285713
2019-11-15 03:20:00+00:00,57.91071428571428
2019-11-15 03:40:00+00:00,57.86607142857142
2019-11-15 04:00:00+00:00,57.82142857142856
2019-11-15 04:20:00+00:00,57.77678571428571
2019-11-15 04:40:00+00:00,57.73214285714285
2019-11-15 05:00:00+00:00,57.68749999999999
2019-11-15 05:20:00+00:00,57.64285714285714
2019-11-15 05:40:00+00:00,57.59821428571428
2019-11-15 06:00:00+00:00,57.55357142857142
2019-11-15 06:20:00+00:00,57.50892857142856
2019-11-15 06:40:00+00:00,57.46428571428571
2019-11-15 07:00:00+00:00,57.419642857142854
2019-11-15 07:20:00+00:00,57.37499999999999
2019-11-15 07:40:00+00:00,57.33035714285714
2019-11-15 08:00:00+00:00,57.28571428571428
2019-11-15 08:20:00+00:00,57.24107142857142
2019-11-15 08:40:00+00:00,57.19642857142857
2019-11-15 09:00:00+00:00,57.15178571428571
2019-11-15 09:20:00+00:00,57.107142857142854
2019-11-15 09:40:00+00:00,57.06249999999999
2019-11-15 10:00:00+00:00,57.01785714285714
2019-11-15 10:20:00+00:00,56.973214285714285
2019-11-15 10:40:00+00:00,56.92857142857142
2019-11-15 11:00:00+00:00,56.88392857142857
2019-11-15 11:20:00+00:00,56.83928571428571
2019-11-15 11:40:00+00:00,56.794642857142854
2019-11-15 12:00:00+00:00,56.75
2019-11-15 12:20:00+00:00,56.70535714285714
2019-11-15 12:40:00+00:00,56.660714285714285
2019-11-15 13:00:00+00:00,56.61607142857142
2019-11-15 13:20:00+00:00,56.57142857142857
2019-11-15 13:40:00+00:00,56.52678571428571
2019-11-15 14:00:00+00:00,56.482142857142854
2019-11-15 14:20:00+00:00,56.4375
2019-11-15 14:40:00+00:00,56.39285714285714
2019-11-15 15:00:00+00:00,56.348214285714285
2019-11-15 15:20:00+00:00,56.30357142857143
2019-11-15 15:40:00+00:00,56.25892857142857
2019-11-15 16:00:00+00:00,56.214285714285715
2019-11-15 16:20:00+00:00,56.169642857142854
2019-11-15 16:40:00+00:00,56.125
2019-11-15 17:00:00+00:00,56.08035714285714
2019-11-15 17:20:00+00:00,56.035714285714285
2019-11-15 17:40:00+00:00,55.99107142857143
2019-11-15 18:00:00+00:00,55.94642857142857
2019-11-15 18:20:00+00:00,55.901785714285715
2019-11-15 18:40:00+00:00,55.857142857142854
2019-11-15 19:00:00+00:00,55.8125
2019-11-15 19:20:00+00:00,55.767857142857146
2019-11-15 19:40:00+00:00,55.723214285714285
2019-11-15 20:00:00+00:00,55.67857142857143
2019-11-15 20:20:00+00:00,55.63392857142857
2019-11-15 20:40:00+00:00,55.589285714285715
2019-11-15 21:00:00+00:00,55.54464285714286
2019-11-15 21:20:00+00:00,55.5
2019-11-15 21:40:00+00:00,55.455357142857146
2019-11-15 22:00:00+00:00,55.410714285714285
2019-11-15 22:20:00+00:00,55.36607142857143
2019-11-15 22:40:00+00:00,55.32142857142858
2019-11-15 23:00:00+00:00,55.276785714285715
2019-11-15 23:20:00+00:00,55.23214285714286
2019-11-15 23:40:00+00:00,55.1875
2019-11-16 00:00:00+00:00,55.142857142857146
2019-11-16 00:20:00+00:00,55.12599206349206
2019-11-16 00:40:00+00:00,55.10912698412699
2019-11-16 01:00:00+00:00,55.092261904761905
2019-11-16 01:20:00+00:00,55.07539682539683
2019-11-16 01:40:00+00:00,55.05853174603175
2019-11-16 02:00:00+00:00,55.04166666666667
2019-11-16 02:20:00+00:00,55.02480158730159
2019-11-16 02:40:00+00:00,55.00793650793651
2019-11-16 03:00:00+00:00,54.99107142857143
2019-11-16 03:20:00+00:00,54.974206349206355
2019-11-16 03:40:00+00:00,54.95734126984127
2019-11-16 04:00:00+00:00,54.9404761904762
2019-11-16 04:20:00+00:00,54.923611111111114
2019-11-16 04:40:00+00:00,54.90674603174604
2019-11-16 05:00:00+00:00,54.889880952380956
2019-11-16 05:20:00+00:00,54.87301587301588
2019-11-16 05:40:00+00:00,54.8561507936508
2019-11-16 06:00:00+00:00,54.83928571428572
2019-11-16 06:20:00+00:00,54.82242063492064
2019-11-16 06:40:00+00:00,54.80555555555556
2019-11-16 07:00:00+00:00,54.78869047619048
2019-11-16 07:20:00+00:00,54.7718253968254
2019-11-16 07:40:00+00:00,54.75496031746032
2019-11-16 08:00:00+00:00,54.73809523809524
2019-11-16 08:20:00+00:00,54.721230158730165
2019-11-16 08:40:00+00:00,54.70436507936508
2019-11-16 09:00:00+00:00,54.68750000000001
2019-11-16 09:20:00+00:00,54.670634920634924
2019-11-16 09:40:00+00:00,54.65376984126985
2019-11-16 10:00:00+00:00,54.636904761904766
2019-11-16 10:20:00+00:00,54.62003968253969
2019-11-16 10:40:00+00:00,54.60317460317461
2019-11-16 11:00:00+00:00,54.58630952380953
2019-11-16 11:20:00+00:00,54.56944444444445
2019-11-16 11:40:00+00:00,54.552579365079374
2019-11-16 12:00:00+00:00,54.53571428571429
2019-11-16 12:20:00+00:00,54.51884920634921
2019-11-16 12:40:00+00:00,54.501984126984134
2019-11-16 13:00:00+00:00,54.48511904761905
2019-11-16 13:20:00+00:00,54.468253968253975
2019-11-16 13:40:00+00:00,54.45138888888889
2019-11-16 14:00:00+00:00,54.43452380952382
2019-11-16 14:20:00+00:00,54.417658730158735
2019-11-16 14:40:00+00:00,54.40079365079366
2019-11-16 15:00:00+00:00,54.38392857142858
2019-11-16 15:20:00+00:00,54.3670634920635
2019-11-16 15:40:00+00:00,54.35019841269842
2019-11-16 16:00:00+00:00,54.33333333333334
2019-11-16 16:20:00+00:00,54.31646825396826
2019-11-16 16:40:00+00:00,54.299603174603185
2019-11-16 17:00:00+00:00,54.2827380952381
2019-11-16 17:20:00+00:00,54.26587301587303
2019-11-16 17:40:00+00:00,54.249007936507944
2019-11-16 18:00:00+00:00,54.23214285714286
2019-11-16 18:20:00+00:00,54.215277777777786
2019-11-16 18:40:00+00:00,54.1984126984127
2019-11-16 19:00:00+00:00,54.18154761904763
2019-11-16 19:20:00+00:00,54.164682539682545
2019-11-16 19:40:00+00:00,54.14781746031747
2019-11-16 20:00:00+00:00,54.13095238095239
2019-11-16 20:20:00+00:00,54.11408730158731
2019-11-16 20:40:00+00:00,54.09722222222223
2019-11-16 21:00:00+00:00,54.08035714285715
2019-11-16 21:20:00+00:00,54.06349206349207
2019-11-16 21:40:00+00:00,54.046626984126995
2019-11-16 22:00:00+00:00,54.02976190476191
2019-11-16 22:20:00+00:00,54.01289682539684
2019-11-16 22:40:00+00:00,53.996031746031754
2019-11-16 23:00:00+00:00,53.97916666666668
2019-11-16 23:20:00+00:00,53.962301587301596
2019-11-16 23:40:00+00:00,53.94543650793652
2019-11-17 00:00:00+00:00,53.92857142857144
2019-11-17 00:20:00+00:00,53.939484126984134
2019-11-17 00:40:00+00:00,53.95039682539684
2019-11-17 01:00:00+00:00,53.96130952380953
2019-11-17 01:20:00+00:00,53.972222222222236
2019-11-17 01:40:00+00:00,53.98313492063493
2019-11-17 02:00:00+00:00,53.99404761904763
2019-11-17 02:20:00+00:00,54.00496031746033
2019-11-17 02:40:00+00:00,54.01587301587303
2019-11-17 03:00:00+00:00,54.02678571428573
2019-11-17 03:20:00+00:00,54.037698412698425
2019-11-17 03:40:00+00:00,54.04861111111112
2019-11-17 04:00:00+00:00,54.059523809523824
2019-11-17 04:20:00+00:00,54.07043650793652
2019-11-17 04:40:00+00:00,54.08134920634922
2019-11-17 05:00:00+00:00,54.09226190476192
2019-11-17 05:20:00+00:00,54.103174603174615
2019-11-17 05:40:00+00:00,54.11408730158732
2019-11-17 06:00:00+00:00,54.125000000000014
2019-11-17 06:20:00+00:00,54.13591269841272
2019-11-17 06:40:00+00:00,54.14682539682541
2019-11-17 07:00:00+00:00,54.15773809523811
2019-11-17 07:20:00+00:00,54.16865079365081
2019-11-17 07:40:00+00:00,54.17956349206351
2019-11-17 08:00:00+00:00,54.19047619047621
2019-11-17 08:20:00+00:00,54.20138888888891
2019-11-17 08:40:00+00:00,54.2123015873016
2019-11-17 09:00:00+00:00,54.223214285714306
2019-11-17 09:20:00+00:00,54.234126984127
2019-11-17 09:40:00+00:00,54.245039682539705
2019-11-17 10:00:00+00:00,54.2559523809524
2019-11-17 10:20:00+00:00,54.2668650793651
2019-11-17 10:40:00+00:00,54.2777777777778
2019-11-17 11:00:00+00:00,54.288690476190496
2019-11-17 11:20:00+00:00,54.2996031746032
2019-11-17 11:40:00+00:00,54.310515873015895
2019-11-17 12:00:00+00:00,54.3214285714286
2019-11-17 12:20:00+00:00,54.332341269841294
2019-11-17 12:40:00+00:00,54.34325396825399
2019-11-17 13:00:00+00:00,54.35416666666669
2019-11-17 13:20:00+00:00,54.36507936507939
2019-11-17 13:40:00+00:00,54.37599206349209
2019-11-17 14:00:00+00:00,54.38690476190479
2019-11-17 14:20:00+00:00,54.39781746031748
2019-11-17 14:40:00+00:00,54.40873015873019
2019-11-17 15:00:00+00:00,54.41964285714288
2019-11-17 15:20:00+00:00,54.430555555555586
2019-11-17 15:40:00+00:00,54.44146825396828
2019-11-17 16:00:00+00:00,54.45238095238098
2019-11-17 16:20:00+00:00,54.46329365079368
2019-11-17 16:40:00+00:00,54.474206349206376
2019-11-17 17:00:00+00:00,54.48511904761908
2019-11-17 17:20:00+00:00,54.496031746031775
2019-11-17 17:40:00+00:00,54.50694444444447
2019-11-17 18:00:00+00:00,54.517857142857174
2019-11-17 18:20:00+00:00,54.52876984126987
2019-11-17 18:40:00+00:00,54.53968253968257
2019-11-17 19:00:00+00:00,54.55059523809527
2019-11-17 19:20:00+00:00,54.561507936507965
2019-11-17 19:40:00+00:00,54.57242063492067
2019-11-17 20:00:00+00:00,54.583333333333364
2019-11-17 20:20:00+00:00,54.59424603174607
2019-11-17 20:40:00+00:00,54.60515873015876
2019-11-17 21:00:00+00:00,54.61607142857146
2019-11-17 21:20:00+00:00,54.62698412698416
2019-11-17 21:40:00+00:00,54.63789682539686
2019-11-17 22:00:00+00:00,54.64880952380956
2019-11-17 22:20:00+00:00,54.65972222222226
2019-11-17 22:40:00+00:00,54.67063492063495
2019-11-17 23:00:00+00:00,54.681547619047656
2019-11-17 23:20:00+00:00,54.69246031746035
2019-11-17 23:40:00+00:00,54.703373015873055
2019-11-18 00:00:00+00:00,54.71428571428575
2019-11-18 00:20:00+00:00,54.79596560846564
2019-11-18 00:40:00+00:00,54.87764550264554
2019-11-18 01:00:00+00:00,54.959325396825434
2019-11-18 01:20:00+00:00,55.04100529100533
2019-11-18 01:40:00+00:00,55.12268518518522
2019-11-18 02:00:00+00:00,55.20436507936512
2019-11-18 02:20:00+00:00,55.28604497354501
2019-11-18 02:40:00+00:00,55.3677248677249
2019-11-18 03:00:00+00:00,55.4494047619048
2019-11-18 03:20:00+00:00,55.531084656084694
2019-11-18 03:40:00+00:00,55.612764550264586
2019-11-18 04:00:00+00:00,55.69444444444448
2019-11-18 04:20:00+00:00,55.77612433862438
2019-11-18 04:40:00+00:00,55.85780423280427
2019-11-18 05:00:00+00:00,55.93948412698416
2019-11-18 05:20:00+00:00,56.021164021164054
2019-11-18 05:40:00+00:00,56.10284391534395
2019-11-18 06:00:00+00:00,56.184523809523846
2019-11-18 06:20:00+00:00,56.26620370370374
2019-11-18 06:40:00+00:00,56.34788359788364
2019-11-18 07:00:00+00:00,56.42956349206353
2019-11-18 07:20:00+00:00,56.51124338624342
2019-11-18 07:40:00+00:00,56.592923280423314
2019-11-18 08:00:00+00:00,56.67460317460321
2019-11-18 08:20:00+00:00,56.756283068783105
2019-11-18 08:40:00+00:00,56.837962962963
2019-11-18 09:00:00+00:00,56.91964285714289
2019-11-18 09:20:00+00:00,57.00132275132279
2019-11-18 09:40:00+00:00,57.08300264550268
2019-11-18 10:00:00+00:00,57.16468253968257
2019-11-18 10:20:00+00:00,57.24636243386247
2019-11-18 10:40:00+00:00,57.328042328042365
2019-11-18 11:00:00+00:00,57.40972222222226
2019-11-18 11:20:00+00:00,57.49140211640215
2019-11-18 11:40:00+00:00,57.57308201058205
2019-11-18 12:00:00+00:00,57.65476190476194
2019-11-18 12:20:00+00:00,57.73644179894183
2019-11-18 12:40:00+00:00,57.81812169312173
2019-11-18 13:00:00+00:00,57.899801587301624
2019-11-18 13:20:00+00:00,57.98148148148152
2019-11-18 13:40:00+00:00,58.06316137566141
2019-11-18 14:00:00+00:00,58.14484126984131
2019-11-18 14:20:00+00:00,58.2265211640212
2019-11-18 14:40:00+00:00,58.30820105820109
2019-11-18 15:00:00+00:00,58.38988095238099
2019-11-18 15:20:00+00:00,58.471560846560884
2019-11-18 15:40:00+00:00,58.553240740740776
2019-11-18 16:00:00+00:00,58.63492063492067
2019-11-18 16:20:00+00:00,58.71660052910057
2019-11-18 16:40:00+00:00,58.79828042328046
2019-11-18 17:00:00+00:00,58.87996031746035
2019-11-18 17:20:00+00:00,58.961640211640244
2019-11-18 17:40:00+00:00,59.04332010582014
2019-11-18 18:00:00+00:00,59.125000000000036
2019-11-18 18:20:00+00:00,59.20667989417993
2019-11-18 18:40:00+00:00,59.28835978835983
2019-11-18 19:00:00+00:00,59.37003968253972
2019-11-18 19:20:00+00:00,59.45171957671961
2019-11-18 19:40:00+00:00,59.533399470899504
2019-11-18 20:00:00+00:00,59.6150793650794
2019-11-18 20:20:00+00:00,59.696759259259295
2019-11-18 20:40:00+00:00,59.77843915343919
2019-11-18 21:00:00+00:00,59.86011904761908
2019-11-18 21:20:00+00:00,59.94179894179898
2019-11-18 21:40:00+00:00,60.02347883597887
2019-11-18 22:00:00+00:00,60.10515873015876
2019-11-18 22:20:00+00:00,60.18683862433866
2019-11-18 22:40:00+00:00,60.268518518518555
2019-11-18 23:00:00+00:00,60.35019841269845
2019-11-18 23:20:00+00:00,60.431878306878346
2019-11-18 23:40:00+00:00,60.51355820105824
2019-11-19 00:00:00+00:00,60.59523809523813
2019-11-19 00:20:00+00:00,60.63161375661379
2019-11-19 00:40:00+00:00,60.66798941798945
2019-11-19 01:00:00+00:00,60.70436507936511
2019-11-19 01:20:00+00:00,60.740740740740776
2019-11-19 01:40:00+00:00,60.777116402116434
2019-11-19 02:00:00+00:00,60.8134920634921
2019-11-19 02:20:00+00:00,60.849867724867764
2019-11-19 02:40:00+00:00,60.88624338624342
2019-11-19 03:00:00+00:00,60.92261904761908
2019-11-19 03:20:00+00:00,60.958994708994744
2019-11-19 03:40:00+00:00,60.9953703703704
2019-11-19 04:00:00+00:00,61.03174603174607
2019-11-19 04:20:00+00:00,61.068121693121725
2019-11-19 04:40:00+00:00,61.10449735449739
2019-11-19 05:00:00+00:00,61.140873015873055
2019-11-19 05:20:00+00:00,61.17724867724871
2019-11-19 05:40:00+00:00,61.21362433862437
2019-11-19 06:00:00+00:00,61.250000000000036
2019-11-19 06:20:00+00:00,61.2863756613757
2019-11-19 06:40:00+00:00,61.32275132275136
2019-11-19 07:00:00+00:00,61.359126984127016
2019-11-19 07:20:00+00:00,61.39550264550268
2019-11-19 07:40:00+00:00,61.43187830687834
2019-11-19 08:00:00+00:00,61.468253968254004
2019-11-19 08:20:00+00:00,61.50462962962966
2019-11-19 08:40:00+00:00,61.54100529100533
2019-11-19 09:00:00+00:00,61.577380952380985
2019-11-19 09:20:00+00:00,61.61375661375665
2019-11-19 09:40:00+00:00,61.65013227513231
2019-11-19 10:00:00+00:00,61.68650793650797
2019-11-19 10:20:00+00:00,61.72288359788364
2019-11-19 10:40:00+00:00,61.759259259259295
2019-11-19 11:00:00+00:00,61.79563492063495
2019-11-19 11:20:00+00:00,61.83201058201062
2019-11-19 11:40:00+00:00,61.86838624338628
2019-11-19 12:00:00+00:00,61.90476190476194
2019-11-19 12:20:00+00:00,61.9411375661376
2019-11-19 12:40:00+00:00,61.97751322751326
2019-11-19 13:00:00+00:00,62.01388888888893
2019-11-19 13:20:00+00:00,62.050264550264586
2019-11-19 13:40:00+00:00,62.086640211640244
2019-11-19 14:00:00+00:00,62.12301587301591
2019-11-19 14:20:00+00:00,62.15939153439157
2019-11-19 14:40:00+00:00,62.19576719576723
2019-11-19 15:00:00+00:00,62.23214285714289
2019-11-19 15:20:00+00:00,62.268518518518555
2019-11-19 15:40:00+00:00,62.30489417989421
2019-11-19 16:00:00+00:00,62.34126984126988
2019-11-19 16:20:00+00:00,62.377645502645535
2019-11-19 16:40:00+00:00,62.4140211640212
2019-11-19 17:00:00+00:00,62.45039682539686
2019-11-19 17:20:00+00:00,62.48677248677252
2019-11-19 17:40:00+00:00,62.52314814814818
2019-11-19 18:00:00+00:00,62.559523809523846
2019-11-19 18:20:00+00:00,62.59589947089951
2019-11-19 18:40:00+00:00,62.63227513227517
2019-11-19 19:00:00+00:00,62.668650793650826
2019-11-19 19:20:00+00:00,62.70502645502649
2019-11-19 19:40:00+00:00,62.741402116402156
2019-11-19 20:00:00+00:00,62.777777777777814
2019-11-19 20:20:00+00:00,62.81415343915347
2019-11-19 20:40:00+00:00,62.85052910052914
2019-11-19 21:00:00+00:00,62.8869047619048
2019-11-19 21:20:00+00:00,62.92328042328046
2019-11-19 21:40:00+00:00,62.95965608465612
2019-11-19 22:00:00+00:00,62.99603174603178
2019-11-19 22:20:00+00:00,63.03240740740745
2019-11-19 22:40:00+00:00,63.068783068783105
2019-11-19 23:00:00+00:00,63.10515873015876
2019-11-19 23:20:00+00:00,63.14153439153443
2019-11-19 23:40:00+00:00,63.17791005291009
2019-11-20 00:00:00+00:00,63.21428571428575
2019-11-20 00:20:00+00:00,63.24041005291009
2019-11-20 00:40:00+00:00,63.26653439153443
2019-11-20 01:00:00+00:00,63.29265873015876
2019-11-20 01:20:00+00:00,63.318783068783105
2019-11-20 01:40:00+00:00,63.34490740740745
2019-11-20 02:00:00+00:00,63.37103174603178
2019-11-20 02:20:00+00:00,63.39715608465612
2019-11-20 02:40:00+00:00,63.42328042328046
2019-11-20 03:00:00+00:00,63.4494047619048
2019-11-20 03:20:00+00:00,63.47552910052914
2019-11-20 03:40:00+00:00,63.50165343915347
2019-11-20 04:00:00+00:00,63.527777777777814
2019-11-20 04:20:00+00:00,63.553902116402156
2019-11-20 04:40:00+00:00,63.58002645502649
2019-11-20 05:00:00+00:00,63.606150793650826
2019-11-20 05:20:00+00:00,63.63227513227517
2019-11-20 05:40:00+00:00,63.65839947089951
2019-11-20 06:00:00+00:00,63.684523809523846
2019-11-20 06:20:00+00:00,63.71064814814818
2019-11-20 06:40:00+00:00,63.73677248677252
2019-11-20 07:00:00+00:00,63.762896825396865
2019-11-20 07:20:00+00:00,63.7890211640212
2019-11-20 07:40:00+00:00,63.815145502645535
2019-11-20 08:00:00+00:00,63.84126984126988
2019-11-20 08:20:00+00:00,63.86739417989422
2019-11-20 08:40:00+00:00,63.893518518518555
2019-11-20 09:00:00+00:00,63.91964285714289
2019-11-20 09:20:00+00:00,63.94576719576723
2019-11-20 09:40:00+00:00,63.971891534391574
2019-11-20 10:00:00+00:00,63.99801587301591
2019-11-20 10:20:00+00:00,64.02414021164024
2019-11-20 10:40:00+00:00,64.05026455026459
2019-11-20 11:00:00+00:00,64.07638888888893
2019-11-20 11:20:00+00:00,64.10251322751327
2019-11-20 11:40:00+00:00,64.1286375661376
2019-11-20 12:00:00+00:00,64.15476190476194
2019-11-20 12:20:00+00:00,64.18088624338628
2019-11-20 12:40:00+00:00,64.20701058201061
2019-11-20 13:00:00+00:00,64.23313492063495
2019-11-20 13:20:00+00:00,64.2592592592593
2019-11-20 13:40:00+00:00,64.28538359788364
2019-11-20 14:00:00+00:00,64.31150793650798
2019-11-20 14:20:00+00:00,64.33763227513231
2019-11-20 14:40:00+00:00,64.36375661375665
2019-11-20 15:00:00+00:00,64.38988095238099
2019-11-20 15:20:00+00:00,64.41600529100532
2019-11-20 15:40:00+00:00,64.44212962962966
2019-11-20 16:00:00+00:00,64.468253968254
2019-11-20 16:20:00+00:00,64.49437830687835
2019-11-20 16:40:00+00:00,64.52050264550269
2019-11-20 17:00:00+00:00,64.54662698412702
2019-11-20 17:20:00+00:00,64.57275132275136
2019-11-20 17:40:00+00:00,64.5988756613757
2019-11-20 18:00:00+00:00,64.62500000000003
2019-11-20 18:20:00+00:00,64.65112433862437
2019-11-20 18:40:00+00:00,64.67724867724871
2019-11-20 19:00:00+00:00,64.70337301587305
2019-11-20 19:20:00+00:00,64.7294973544974
2019-11-20 19:40:00+00:00,64.75562169312173
2019-11-20 20:00:00+00:00,64.78174603174607
2019-11-20 20:20:00+00:00,64.80787037037041
2019-11-20 20:40:00+00:00,64.83399470899474
2019-11-20 21:00:00+00:00,64.86011904761908
2019-11-20 21:20:00+00:00,64.88624338624342
2019-11-20 21:40:00+00:00,64.91236772486776
2019-11-20 22:00:00+00:00,64.9384920634921
2019-11-20 22:20:00+00:00,64.96461640211643
2019-11-20 22:40:00+00:00,64.99074074074078
2019-11-20 23:00:00+00:00,65.01686507936512
2019-11-20 23:20:00+00:00,65.04298941798945
2019-11-20 23:40:00+00:00,65.06911375661379
2019-11-21 00:00:00+00:00,65.09523809523813
2019-11-21 00:20:00+00:00,65.07142857142861
2019-11-21 00:40:00+00:00,65.04761904761908
2019-11-21 01:00:00+00:00,65.02380952380956
2019-11-21 01:20:00+00:00,65.00000000000003
2019-11-21 01:40:00+00:00,64.97619047619051
2019-11-21 02:00:00+00:00,64.95238095238099
2019-11-21 02:20:00+00:00,64.92857142857146
2019-11-21 02:40:00+00:00,64.90476190476194
2019-11-21 03:00:00+00:00,64.88095238095242
2019-11-21 03:20:00+00:00,64.85714285714289
2019-11-21 03:40:00+00:00,64.83333333333337
2019-11-21 04:00:00+00:00,64.80952380952385
2019-11-21 04:20:00+00:00,64.78571428571432
2019-11-21 04:40:00+00:00,64.7619047619048
2019-11-21 05:00:00+00:00,64.73809523809527
2019-11-21 05:20:00+00:00,64.71428571428575
2019-11-21 05:40:00+00:00,64.69047619047623
2019-11-21 06:00:00+00:00,64.6666666666667
2019-11-21 06:20:00+00:00,64.64285714285718
2019-11-21 06:40:00+00:00,64.61904761904765
2019-11-21 07:00:00+00:00,64.59523809523813
2019-11-21 07:20:00+00:00,64.57142857142861
2019-11-21 07:40:00+00:00,64.54761904761908
2019-11-21 08:00:00+00:00,64.52380952380956
2019-11-21 08:20:00+00:00,64.50000000000004
2019-11-21 08:40:00+00:00,64.47619047619051
2019-11-21 09:00:00+00:00,64.45238095238099
2019-11-21 09:20:00+00:00,64.42857142857147
2019-11-21 09:40:00+00:00,64.40476190476194
2019-11-21 10:00:00+00:00,64.38095238095242
2019-11-21 10:20:00+00:00,64.35714285714289
2019-11-21 10:40:00+00:00,64.33333333333337
2019-11-21 11:00:00+00:00,64.30952380952385
2019-11-21 11:20:00+00:00,64.28571428571432
2019-11-21 11:40:00+00:00,64.2619047619048
2019-11-21 12:00:00+00:00,64.23809523809527
2019-11-21 12:20:00+00:00,64.21428571428575
2019-11-21 12:40:00+00:00,64.19047619047623
2019-11-21 13:00:00+00:00,64.1666666666667
2019-11-21 13:20:00+00:00,64.14285714285718
2019-11-21 13:40:00+00:00,64.11904761904766
2019-11-21 14:00:00+00:00,64.09523809523813
2019-11-21 14:20:00+00:00,64.07142857142861
2019-11-21 14:40:00+00:00,64.0476190476191
2019-11-21 15:00:00+00:00,64.02380952380956
2019-11-21 15:20:00+00:00,64.00000000000004
2019-11-21 15:40:00+00:00,63.97619047619052
2019-11-21 16:00:00+00:00,63.95238095238099
2019-11-21 16:20:00+00:00,63.928571428571466
2019-11-21 16:40:00+00:00,63.90476190476194
2019-11-21 17:00:00+00:00,63.88095238095242
2019-11-21 17:20:00+00:00,63.8571428571429
2019-11-21 17:40:00+00:00,63.83333333333337
2019-11-21 18:00:00+00:00,63.80952380952385
2019-11-21 18:20:00+00:00,63.78571428571433
2019-11-21 18:40:00+00:00,63.7619047619048
2019-11-21 19:00:00+00:00,63.738095238095276
2019-11-21 19:20:00+00:00,63.71428571428575
2019-11-21 19:40:00+00:00,63.69047619047623
2019-11-21 20:00:00+00:00,63.66666666666671
2019-11-21 20:20:00+00:00,63.64285714285718
2019-11-21 20:40:00+00:00,63.61904761904766
2019-11-21 21:00:00+00:00,63.59523809523814
2019-11-21 21:20:00+00:00,63.57142857142861
2019-11-21 21:40:00+00:00,63.54761904761909
2019-11-21 22:00:00+00:00,63.52380952380956
2019-11-21 22:20:00+00:00,63.50000000000004
2019-11-21 22:40:00+00:00,63.47619047619052
2019-11-21 23:00:00+00:00,63.45238095238099
2019-11-21 23:20:00+00:00,63.42857142857147
2019-11-21 23:40:00+00:00,63.40476190476195
2019-11-22 00:00:00+00:00,63.38095238095242
2019-11-22 00:20:00+00:00,63.34953703703708
2019-11-22 00:40:00+00:00,63.31812169312173
2019-11-22 01:00:00+00:00,63.28670634920639
2019-11-22 01:20:00+00:00,63.25529100529105
2019-11-22 01:40:00+00:00,63.2238756613757
2019-11-22 02:00:00+00:00,63.19246031746036
2019-11-22 02:20:00+00:00,63.16104497354502
2019-11-22 02:40:00+00:00,63.12962962962967
2019-11-22 03:00:00+00:00,63.09821428571433
2019-11-22 03:20:00+00:00,63.066798941798986
2019-11-22 03:40:00+00:00,63.03538359788364
2019-11-22 04:00:00+00:00,63.003968253968296
2019-11-22 04:20:00+00:00,62.97255291005295
2019-11-22 04:40:00+00:00,62.941137566137606
2019-11-22 05:00:00+00:00,62.909722222222264
2019-11-22 05:20:00+00:00,62.878306878306915
2019-11-22 05:40:00+00:00,62.846891534391574
2019-11-22 06:00:00+00:00,62.81547619047623
2019-11-22 06:20:00+00:00,62.784060846560884
2019-11-22 06:40:00+00:00,62.75264550264554
2019-11-22 07:00:00+00:00,62.7212301587302
2019-11-22 07:20:00+00:00,62.68981481481485
2019-11-22 07:40:00+00:00,62.65839947089951
2019-11-22 08:00:00+00:00,62.62698412698417
2019-11-22 08:20:00+00:00,62.59556878306882
2019-11-22 08:40:00+00:00,62.56415343915348
2019-11-22 09:00:00+00:00,62.53273809523814
2019-11-22 09:20:00+00:00,62.50132275132279
2019-11-22 09:40:00+00:00,62.46990740740745
2019-11-22 10:00:00+00:00,62.438492063492106
2019-11-22 10:20:00+00:00,62.40707671957676
2019-11-22 10:40:00+00:00,62.375661375661416
2019-11-22 11:00:00+00:00,62.344246031746074
2019-11-22 11:20:00+00:00,62.312830687830726
2019-11-22 11:40:00+00:00,62.281415343915384
2019-11-22 12:00:00+00:00,62.25000000000004
2019-11-22 12:20:00+00:00,62.218584656084694
2019-11-22 12:40:00+00:00,62.18716931216935
2019-11-22 13:00:00+00:00,62.155753968254004
2019-11-22 13:20:00+00:00,62.12433862433866
2019-11-22 13:40:00+00:00,62.09292328042332
2019-11-22 14:00:00+00:00,62.06150793650797
2019-11-22 14:20:00+00:00,62.03009259259263
2019-11-22 14:40:00+00:00,61.99867724867729
2019-11-22 15:00:00+00:00,61.96726190476194
2019-11-22 15:20:00+00:00,61.9358465608466
2019-11-22 15:40:00+00:00,61.90443121693126
2019-11-22 16:00:00+00:00,61.87301587301591
2019-11-22 16:20:00+00:00,61.84160052910057
2019-11-22 16:40:00+00:00,61.810185185185226
2019-11-22 17:00:00+00:00,61.77876984126988
2019-11-22 17:20:00+00:00,61.747354497354536
2019-11-22 17:40:00+00:00,61.715939153439194
2019-11-22 18:00:00+00:00,61.684523809523846
2019-11-22 18:20:00+00:00,61.653108465608504
2019-11-22 18:40:00+00:00,61.62169312169316
2019-11-22 19:00:00+00:00,61.590277777777814
2019-11-22 19:20:00+00:00,61.55886243386247
2019-11-22 19:40:00+00:00,61.52744708994713
2019-11-22 20:00:00+00:00,61.49603174603178
2019-11-22 20:20:00+00:00,61.46461640211644
2019-11-22 20:40:00+00:00,61.43320105820109
2019-11-22 21:00:00+00:00,61.40178571428575
2019-11-22 21:20:00+00:00,61.37037037037041
2019-11-22 21:40:00+00:00,61.33895502645506
2019-11-22 22:00:00+00:00,61.30753968253972
2019-11-22 22:20:00+00:00,61.27612433862438
2019-11-22 22:40:00+00:00,61.24470899470903
2019-11-22 23:00:00+00:00,61.21329365079369
2019-11-22 23:20:00+00:00,61.181878306878346
2019-11-22 23:40:00+00:00,61.150462962963
2019-11-23 00:00:00+00:00,61.119047619047656
2019-11-23 00:20:00+00:00,61.127976190476225
2019-11-23 00:40:00+00:00,61.1369047619048
2019-11-23 01:00:00+00:00,61.14583333333337
2019-11-23 01:20:00+00:00,61.15476190476194
2019-11-23 01:40:00+00:00,61.16369047619051
2019-11-23 02:00:00+00:00,61.17261904761909
2019-11-23 02:20:00+00:00,61.181547619047656
2019-11-23 02:40:00+00:00,61.190476190476225
2019-11-23 03:00:00+00:00,61.1994047619048
2019-11-23 03:20:00+00:00,61.20833333333337
2019-11-23 03:40:00+00:00,61.21726190476194
2019-11-23 04:00:00+00:00,61.22619047619052
2019-11-23 04:20:00+00:00,61.23511904761909
2019-11-23 04:40:00+00:00,61.244047619047656
2019-11-23 05:00:00+00:00,61.252976190476225
2019-11-23 05:20:00+00:00,61.2619047619048
2019-11-23 05:40:00+00:00,61.27083333333337
2019-11-23 06:00:00+00:00,61.27976190476194
2019-11-23 06:20:00+00:00,61.28869047619052
2019-11-23 06:40:00+00:00,61.29761904761909
2019-11-23 07:00:00+00:00,61.306547619047656
2019-11-23 07:20:00+00:00,61.315476190476225
2019-11-23 07:40:00+00:00,61.3244047619048
2019-11-23 08:00:00+00:00,61.33333333333337
2019-11-23 08:20:00+00:00,61.34226190476194
2019-11-23 08:40:00+00:00,61.35119047619052
2019-11-23 09:00:00+00:00,61.36011904761909
2019-11-23 09:20:00+00:00,61.369047619047656
2019-11-23 09:40:00+00:00,61.377976190476225
2019-11-23 10:00:00+00:00,61.3869047619048
2019-11-23 10:20:00+00:00,61.39583333333337
2019-11-23 10:40:00+00:00,61.40476190476194
2019-11-23 11:00:00+00:00,61.41369047619052
2019-11-23 11:20:00+00:00,61.42261904761909
2019-11-23 11:40:00+00:00,61.431547619047656
2019-11-23 12:00:00+00:00,61.44047619047623
2019-11-23 12:20:00+00:00,61.4494047619048
2019-11-23 12:40:00+00:00,61.45833333333337
2019-11-23 13:00:00+00:00,61.46726190476194
2019-11-23 13:20:00+00:00,61.47619047619052
2019-11-23 13:40:00+00:00,61.48511904761909
2019-11-23 14:00:00+00:00,61.494047619047656
2019-11-23 14:20:00+00:00,61.50297619047623
2019-11-23 14:40:00+00:00,61.5119047619048
2019-11-23 15:00:00+00:00,61.52083333333337
2019-11-23 15:20:00+00:00,61.52976190476194
2019-11-23 15:40:00+00:00,61.53869047619052
2019-11-23 16:00:00+00:00,61.54761904761909
2019-11-23 16:20:00+00:00,61.556547619047656
2019-11-23 16:40:00+00:00,61.56547619047623
2019-11-23 17:00:00+00:00,61.5744047619048
2019-11-23 17:20:00+00:00,61.58333333333337
2019-11-23 17:40:00+00:00,61.59226190476194
2019-11-23 18:00:00+00:00,61.60119047619052
2019-11-23 18:20:00+00:00,61.61011904761909
2019-11-23 18:40:00+00:00,61.619047619047656
2019-11-23 19:00:00+00:00,61.62797619047623
2019-11-23 19:20:00+00:00,61.6369047619048
2019-11-23 19:40:00+00:00,61.64583333333337
2019-11-23 20:00:00+00:00,61.65476190476194
2019-11-23 20:20:00+00:00,61.66369047619052
2019-11-23 20:40:00+00:00,61.67261904761909
2019-11-23 21:00:00+00:00,61.681547619047656
2019-11-23 21:20:00+00:00,61.69047619047623
2019-11-23 21:40:00+00:00,61.6994047619048
2019-11-23 22:00:00+00:00,61.70833333333337
2019-11-23 22:20:00+00:00,61.71726190476195
2019-11-23 22:40:00+00:00,61.72619047619052
2019-11-23 23:00:00+00:00,61.73511904761909
2019-11-23 23:20:00+00:00,61.744047619047656
2019-11-23 23:40:00+00:00,61.75297619047623
2019-11-24 00:00:00+00:00,61.7619047619048
2019-11-24 00:20:00+00:00,61.74867724867729
2019-11-24 00:40:00+00:00,61.73544973544978
2019-11-24 01:00:00+00:00,61.722222222222264
2019-11-24 01:20:00+00:00,61.70899470899475
2019-11-24 01:40:00+00:00,61.69576719576724
2019-11-24 02:00:00+00:00,61.68253968253972
2019-11-24 02:20:00+00:00,61.66931216931221
2019-11-24 02:40:00+00:00,61.656084656084694
2019-11-24 03:00:00+00:00,61.64285714285718
2019-11-24 03:20:00+00:00,61.62962962962967
2019-11-24 03:40:00+00:00,61.616402116402156
2019-11-24 04:00:00+00:00,61.603174603174644
2019-11-24 04:20:00+00:00,61.58994708994713
2019-11-24 04:40:00+00:00,61.57671957671962
2019-11-24 05:00:00+00:00,61.563492063492106
2019-11-24 05:20:00+00:00,61.550264550264586
2019-11-24 05:40:00+00:00,61.537037037037074
2019-11-24 06:00:00+00:00,61.52380952380956
2019-11-24 06:20:00+00:00,61.51058201058205
2019-11-24 06:40:00+00:00,61.497354497354536
2019-11-24 07:00:00+00:00,61.48412698412702
2019-11-24 07:20:00+00:00,61.47089947089951
2019-11-24 07:40:00+00:00,61.457671957672
2019-11-24 08:00:00+00:00,61.444444444444485
2019-11-24 08:20:00+00:00,61.43121693121697
2019-11-24 08:40:00+00:00,61.41798941798945
2019-11-24 09:00:00+00:00,61.40476190476194
2019-11-24 09:20:00+00:00,61.39153439153443
2019-11-24 09:40:00+00:00,61.378306878306915
2019-11-24 10:00:00+00:00,61.3650793650794
2019-11-24 10:20:00+00:00,61.35185185185189
2019-11-24 10:40:00+00:00,61.33862433862438
2019-11-24 11:00:00+00:00,61.325396825396865
2019-11-24 11:20:00+00:00,61.31216931216935
2019-11-24 11:40:00+00:00,61.29894179894184
2019-11-24 12:00:00+00:00,61.28571428571432
2019-11-24 12:20:00+00:00,61.27248677248681
2019-11-24 12:40:00+00:00,61.259259259259295
2019-11-24 13:00:00+00:00,61.24603174603178
2019-11-24 13:20:00+00:00,61.23280423280427
2019-11-24 13:40:00+00:00,61.21957671957676
2019-11-24 14:00:00+00:00,61.206349206349245
2019-11-24 14:20:00+00:00,61.19312169312173
2019-11-24 14:40:00+00:00,61.17989417989422
2019-11-24 15:00:00+00:00,61.16666666666671
2019-11-24 15:20:00+00:00,61.153439153439194
2019-11-24 15:40:00+00:00,61.140211640211675
2019-11-24 16:00:00+00:00,61.12698412698416
2019-11-24 16:20:00+00:00,61.11375661375665
2019-11-24 16:40:00+00:00,61.10052910052914
2019-11-24 17:00:00+00:00,61.087301587301624
2019-11-24 17:20:00+00:00,61.07407407407411
2019-11-24 17:40:00+00:00,61.0608465608466
2019-11-24 18:00:00+00:00,61.04761904761909
2019-11-24 18:20:00+00:00,61.034391534391574
2019-11-24 18:40:00+00:00,61.02116402116406
2019-11-24 19:00:00+00:00,61.00793650793654
2019-11-24 19:20:00+00:00,60.99470899470903
2019-11-24 19:40:00+00:00,60.98148148148152
2019-11-24 20:00:00+00:00,60.968253968254004
2019-11-24 20:20:00+00:00,60.95502645502649
2019-11-24 20:40:00+00:00,60.94179894179898
2019-11-24 21:00:00+00:00,60.928571428571466
2019-11-24 21:20:00+00:00,60.91534391534395
2019-11-24 21:40:00+00:00,60.90211640211644
2019-11-24 22:00:00+00:00,60.88888888888893
2019-11-24 22:20:00+00:00,60.87566137566141
2019-11-24 22:40:00+00:00,60.862433862433896
2019-11-24 23:00:00+00:00,60.84920634920638
2019-11-24 23:20:00+00:00,60.83597883597887
2019-11-24 23:40:00+00:00,60.82275132275136
2019-11-25 00:00:00+00:00,60.809523809523846
2019-11-25 00:20:00+00:00,60.862764550264586
2019-11-25 00:40:00+00:00,60.91600529100533
2019-11-25 01:00:00+00:00,60.96924603174607
2019-11-25 01:20:00+00:00,61.02248677248681
2019-11-25 01:40:00+00:00,61.07572751322755
2019-11-25 02:00:00+00:00,61.12896825396829
2019-11-25 02:20:00+00:00,61.18220899470903
2019-11-25 02:40:00+00:00,61.23544973544977
2019-11-25 03:00:00+00:00,61.28869047619051
2019-11-25 03:20:00+00:00,61.34193121693125
2019-11-25 03:40:00+00:00,61.39517195767199
2019-11-25 04:00:00+00:00,61.44841269841274
2019-11-25 04:20:00+00:00,61.50165343915348
2019-11-25 04:40:00+00:00,61.55489417989422
2019-11-25 05:00:00+00:00,61.60813492063496
2019-11-25 05:20:00+00:00,61.6613756613757
2019-11-25 05:40:00+00:00,61.71461640211644
2019-11-25 06:00:00+00:00,61.76785714285718
2019-11-25 06:20:00+00:00,61.82109788359792
2019-11-25 06:40:00+00:00,61.87433862433866
2019-11-25 07:00:00+00:00,61.9275793650794
2019-11-25 07:20:00+00:00,61.98082010582014
2019-11-25 07:40:00+00:00,62.034060846560884
2019-11-25 08:00:00+00:00,62.087301587301624
2019-11-25 08:20:00+00:00,62.140542328042365
2019-11-25 08:40:00+00:00,62.193783068783105
2019-11-25 09:00:00+00:00,62.247023809523846
2019-11-25 09:20:00+00:00,62.300264550264586
2019-11-25 09:40:00+00:00,62.35350529100533
2019-11-25 10:00:00+00:00,62.40674603174607
2019-11-25 10:20:00+00:00,62.45998677248681
2019-11-25 10:40:00+00:00,62.51322751322755
2019-11-25 11:00:00+00:00,62.56646825396829
2019-11-25 11:20:00+00:00,62.61970899470903
2019-11-25 11:40:00+00:00,62.67294973544977
2019-11-25 12:00:00+00:00,62.72619047619051
2019-11-25 12:20:00+00:00,62.77943121693126
2019-11-25 12:40:00+00:00,62.832671957672
2019-11-25 13:00:00+00:00,62.88591269841274
2019-11-25 13:20:00+00:00,62.93915343915348
2019-11-25 13:40:00+00:00,62.99239417989422
2019-11-25 14:00:00+00:00,63.04563492063496
2019-11-25 14:20:00+00:00,63.0988756613757
2019-11-25 14:40:00+00:00,63.15211640211644
2019-11-25 15:00:00+00:00,63.20535714285718
2019-11-25 15:20:00+00:00,63.25859788359792
2019-11-25 15:40:00+00:00,63.31183862433866
2019-11-25 16:00:00+00:00,63.3650793650794
2019-11-25 16:20:00+00:00,63.41832010582014
2019-11-25 16:40:00+00:00,63.471560846560884
2019-11-25 17:00:00+00:00,63.524801587301624
2019-11-25 17:20:00+00:00,63.578042328042365
2019-11-25 17:40:00+00:00,63.631283068783105
2019-11-25 18:00:00+00:00,63.684523809523846
2019-11-25 18:20:00+00:00,63.737764550264586
2019-11-25 18:40:00+00:00,63.79100529100533
2019-11-25 19:00:00+00:00,63.84424603174607
2019-11-25 19:20:00+00:00,63.89748677248681
2019-11-25 19:40:00+00:00,63.95072751322755
2019-11-25 20:00:00+00:00,64.0039682539683
2019-11-25 20:20:00+00:00,64.05720899470903
2019-11-25 20:40:00+00:00,64.11044973544978
2019-11-25 21:00:00+00:00,64.16369047619051
2019-11-25 21:20:00+00:00,64.21693121693126
2019-11-25 21:40:00+00:00,64.27017195767199
2019-11-25 22:00:00+00:00,64.32341269841274
2019-11-25 22:20:00+00:00,64.37665343915347
2019-11-25 22:40:00+00:00,64.42989417989422
2019-11-25 23:00:00+00:00,64.48313492063495
2019-11-25 23:20:00+00:00,64.5363756613757
2019-11-25 23:40:00+00:00,64.58961640211643
2019-11-26 00:00:00+00:00,64.64285714285718
2019-11-26 00:20:00+00:00,64.69047619047623
2019-11-26 00:40:00+00:00,64.73809523809528
2019-11-26 01:00:00+00:00,64.78571428571432
2019-11-26 01:20:00+00:00,64.83333333333337
2019-11-26 01:40:00+00:00,64.88095238095242
2019-11-26 02:00:00+00:00,64.92857142857147
2019-11-26 02:20:00+00:00,64.97619047619051
2019-11-26 02:40:00+00:00,65.02380952380956
2019-11-26 03:00:00+00:00,65.07142857142861
2019-11-26 03:20:00+00:00,65.11904761904766
2019-11-26 03:40:00+00:00,65.1666666666667
2019-11-26 04:00:00+00:00,65.21428571428575
2019-11-26 04:20:00+00:00,65.2619047619048
2019-11-26 04:40:00+00:00,65.30952380952385
2019-11-26 05:00:00+00:00,65.35714285714289
2019-11-26 05:20:00+00:00,65.40476190476194
2019-11-26 05:40:00+00:00,65.45238095238099
2019-11-26 06:00:00+00:00,65.50000000000004
2019-11-26 06:20:00+00:00,65.5476190476191
2019-11-26 06:40:00+00:00,65.59523809523813
2019-11-26 07:00:00+00:00,65.64285714285718
2019-11-26 07:20:00+00:00,65.69047619047623
2019-11-26 07:40:00+00:00,65.73809523809528
2019-11-26 08:00:00+00:00,65.78571428571432
2019-11-26 08:20:00+00:00,65.83333333333337
2019-11-26 08:40:00+00:00,65.88095238095242
2019-11-26 09:00:00+00:00,65.92857142857147
2019-11-26 09:20:00+00:00,65.97619047619051
2019-11-26 09:40:00+00:00,66.02380952380956
2019-11-26 10:00:00+00:00,66.07142857142861
2019-11-26 10:20:00+00:00,66.11904761904766
2019-11-26 10:40:00+00:00,66.1666666666667
2019-11-26 11:00:00+00:00,66.21428571428575
2019-11-26 11:20:00+00:00,66.2619047619048
2019-11-26 11:40:00+00:00,66.30952380952385
2019-11-26 12:00:00+00:00,66.35714285714289
2019-11-26 12:20:00+00:00,66.40476190476194
2019-11-26 12:40:00+00:00,66.45238095238099
2019-11-26 13:00:00+00:00,66.50000000000004
2019-11-26 13:20:00+00:00,66.5476190476191
2019-11-26 13:40:00+00:00,66.59523809523813
2019-11-26 14:00:00+00:00,66.64285714285718
2019-11-26 14:20:00+00:00,66.69047619047623
2019-11-26 14:40:00+00:00,66.73809523809528
2019-11-26 15:00:00+00:00,66.78571428571432
2019-11-26 15:20:00+00:00,66.83333333333337
2019-11-26 15:40:00+00:00,66.88095238095242
2019-11-26 16:00:00+00:00,66.92857142857147
2019-11-26 16:20:00+00:00,66.97619047619051
2019-11-26 16:40:00+00:00,67.02380952380956
2019-11-26 17:00:00+00:00,67.07142857142861
2019-11-26 17:20:00+00:00,67.11904761904766
2019-11-26 17:40:00+00:00,67.16666666666671
2019-11-26 18:00:00+00:00,67.21428571428575
2019-11-26 18:20:00+00:00,67.2619047619048
2019-11-26 18:40:00+00:00,67.30952380952385
2019-11-26 19:00:00+00:00,67.3571428571429
2019-11-26 19:20:00+00:00,67.40476190476194
2019-11-26 19:40:00+00:00,67.45238095238099
2019-11-26 20:00:00+00:00,67.50000000000004
2019-11-26 20:20:00+00:00,67.5476190476191
2019-11-26 20:40:00+00:00,67.59523809523813
2019-11-26 21:00:00+00:00,67.64285714285718
2019-11-26 21:20:00+00:00,67.69047619047623
2019-11-26 21:40:00+00:00,67.73809523809528
2019-11-26 22:00:00+00:00,67.78571428571432
2019-11-26 22:20:00+00:00,67.83333333333337
2019-11-26 22:40:00+00:00,67.88095238095242
2019-11-26 23:00:00+00:00,67.92857142857147
2019-11-26 23:20:00+00:00,67.97619047619051
2019-11-26 23:40:00+00:00,68.02380952380956
2019-11-27 00:00:00+00:00,68.07142857142861
2019-11-27 00:20:00+00:00,68.08035714285718
2019-11-27 00:40:00+00:00,68.08928571428575
2019-11-27 01:00:00+00:00,68.09821428571432
2019-11-27 01:20:00+00:00,68.1071428571429
2019-11-27 01:40:00+00:00,68.11607142857147
2019-11-27 02:00:00+00:00,68.12500000000004
2019-11-27 02:20:00+00:00,68.13392857142861
2019-11-27 02:40:00+00:00,68.14285714285718
2019-11-27 03:00:00+00:00,68.15178571428575
2019-11-27 03:20:00+00:00,68.16071428571432
2019-11-27 03:40:00+00:00,68.1696428571429
2019-11-27 04:00:00+00:00,68.17857142857147
2019-11-27 04:20:00+00:00,68.18750000000004
2019-11-27 04:40:00+00:00,68.19642857142861
2019-11-27 05:00:00+00:00,68.20535714285718
2019-11-27 05:20:00+00:00,68.21428571428575
2019-11-27 05:40:00+00:00,68.22321428571432
2019-11-27 06:00:00+00:00,68.23214285714289
2019-11-27 06:20:00+00:00,68.24107142857147
2019-11-27 06:40:00+00:00,68.25000000000004
2019-11-27 07:00:00+00:00,68.25892857142861
2019-11-27 07:20:00+00:00,68.26785714285718
2019-11-27 07:40:00+00:00,68.27678571428575
2019-11-27 08:00:00+00:00,68.28571428571432
2019-11-27 08:20:00+00:00,68.29464285714289
2019-11-27 08:40:00+00:00,68.30357142857147
2019-11-27 09:00:00+00:00,68.31250000000004
2019-11-27 09:20:00+00:00,68.32142857142861
2019-11-27 09:40:00+00:00,68.33035714285718
2019-11-27 10:00:00+00:00,68.33928571428575
2019-11-27 10:20:00+00:00,68.34821428571432
2019-11-27 10:40:00+00:00,68.35714285714289
2019-11-27 11:00:00+00:00,68.36607142857147
2019-11-27 11:20:00+00:00,68.37500000000004
2019-11-27 11:40:00+00:00,68.38392857142861
2019-11-27 12:00:00+00:00,68.39285714285718
2019-11-27 12:20:00+00:00,68.40178571428575
2019-11-27 12:40:00+00:00,68.41071428571432
2019-11-27 13:00:00+00:00,68.41964285714289
2019-11-27 13:20:00+00:00,68.42857142857147
2019-11-27 13:40:00+00:00,68.43750000000004
2019-11-27 14:00:00+00:00,68.44642857142861
2019-11-27 14:20:00+00:00,68.45535714285718
2019-11-27 14:40:00+00:00,68.46428571428575
2019-11-27 15:00:00+00:00,68.47321428571432
2019-11-27 15:20:00+00:00,68.48214285714289
2019-11-27 15:40:00+00:00,68.49107142857147
2019-11-27 16:00:00+00:00,68.50000000000004
2019-11-27 16:20:00+00:00,68.50892857142861
2019-11-27 16:40:00+00:00,68.51785714285718
2019-11-27 17:00:00+00:00,68.52678571428575
2019-11-27 17:20:00+00:00,68.53571428571432
2019-11-27 17:40:00+00:00,68.54464285714289
2019-11-27 18:00:00+00:00,68.55357142857146
2019-11-27 18:20:00+00:00,68.56250000000004
2019-11-27 18:40:00+00:00,68.57142857142861
2019-11-27 19:00:00+00:00,68.58035714285718
2019-11-27 19:20:00+00:00,68.58928571428575
2019-11-27 19:40:00+00:00,68.59821428571432
2019-11-27 20:00:00+00:00,68.60714285714289
2019-11-27 20:20:00+00:00,68.61607142857146
2019-11-27 20:40:00+00:00,68.62500000000004
2019-11-27 21:00:00+00:00,68.63392857142861
2019-11-27 21:20:00+00:00,68.64285714285718
2019-11-27 21:40:00+00:00,68.65178571428575
2019-11-27 22:00:00+00:00,68.66071428571432
2019-11-27 22:20:00+00:00,68.66964285714289
2019-11-27 22:40:00+00:00,68.67857142857146
2019-11-27 23:00:00+00:00,68.68750000000004
2019-11-27 23:20:00+00:00,68.69642857142861
2019-11-27 23:40:00+00:00,68.70535714285718
2019-11-28 00:00:00+00:00,68.71428571428575
2019-11-28 00:20:00+00:00,68.75992063492068
2019-11-28 00:40:00+00:00,68.80555555555559
2019-11-28 01:00:00+00:00,68.85119047619051
2019-11-28 01:20:00+00:00,68.89682539682543
2019-11-28 01:40:00+00:00,68.94246031746036
2019-11-28 02:00:00+00:00,68.98809523809527
2019-11-28 02:20:00+00:00,69.0337301587302
2019-11-28 02:40:00+00:00,69.07936507936512
2019-11-28 03:00:00+00:00,69.12500000000004
2019-11-28 03:20:00+00:00,69.17063492063495
2019-11-28 03:40:00+00:00,69.21626984126988
2019-11-28 04:00:00+00:00,69.2619047619048
2019-11-28 04:20:00+00:00,69.30753968253973
2019-11-28 04:40:00+00:00,69.35317460317464
2019-11-28 05:00:00+00:00,69.39880952380956
2019-11-28 05:20:00+00:00,69.44444444444449
2019-11-28 05:40:00+00:00,69.49007936507941
2019-11-28 06:00:00+00:00,69.53571428571432
2019-11-28 06:20:00+00:00,69.58134920634924
2019-11-28 06:40:00+00:00,69.62698412698417
2019-11-28 07:00:00+00:00,69.67261904761908
2019-11-28 07:20:00+00:00,69.718253968254
2019-11-28 07:40:00+00:00,69.76388888888893
2019-11-28 08:00:00+00:00,69.80952380952385
2019-11-28 08:20:00+00:00,69.85515873015876
2019-11-28 08:40:00+00:00,69.90079365079369
2019-11-28 09:00:00+00:00,69.94642857142861
2019-11-28 09:20:00+00:00,69.99206349206354
2019-11-28 09:40:00+00:00,70.03769841269845
2019-11-28 10:00:00+00:00,70.08333333333337
2019-11-28 10:20:00+00:00,70.1289682539683
2019-11-28 10:40:00+00:00,70.17460317460322
2019-11-28 11:00:00+00:00,70.22023809523813
2019-11-28 11:20:00+00:00,70.26587301587305
2019-11-28 11:40:00+00:00,70.31150793650798
2019-11-28 12:00:00+00:00,70.35714285714289
2019-11-28 12:20:00+00:00,70.40277777777781
2019-11-28 12:40:00+00:00,70.44841269841274
2019-11-28 13:00:00+00:00,70.49404761904766
2019-11-28 13:20:00+00:00,70.53968253968257
2019-11-28 13:40:00+00:00,70.5853174603175
2019-11-28 14:00:00+00:00,70.63095238095242
2019-11-28 14:20:00+00:00,70.67658730158735
2019-11-28 14:40:00+00:00,70.72222222222226
2019-11-28 15:00:00+00:00,70.76785714285718
2019-11-28 15:20:00+00:00,70.8134920634921
2019-11-28 15:40:00+00:00,70.85912698412703
2019-11-28 16:00:00+00:00,70.90476190476194
2019-11-28 16:20:00+00:00,70.95039682539687
2019-11-28 16:40:00+00:00,70.99603174603179
2019-11-28 17:00:00+00:00,71.04166666666671
2019-11-28 17:20:00+00:00,71.08730158730162
2019-11-28 17:40:00+00:00,71.13293650793655
2019-11-28 18:00:00+00:00,71.17857142857147
2019-11-28 18:20:00+00:00,71.22420634920638
2019-11-28 18:40:00+00:00,71.26984126984131
2019-11-28 19:00:00+00:00,71.31547619047623
2019-11-28 19:20:00+00:00,71.36111111111116
2019-11-28 19:40:00+00:00,71.40674603174607
2019-11-28 20:00:00+00:00,71.45238095238099
2019-11-28 20:20:00+00:00,71.49801587301592
2019-11-28 20:40:00+00:00,71.54365079365084
2019-11-28 21:00:00+00:00,71.58928571428575
2019-11-28 21:20:00+00:00,71.63492063492068
2019-11-28 21:40:00+00:00,71.6805555555556
2019-11-28 22:00:00+00:00,71.72619047619052
2019-11-28 22:20:00+00:00,71.77182539682543
2019-11-28 22:40:00+00:00,71.81746031746036
2019-11-28 23:00:00+00:00,71.86309523809528
2019-11-28 23:20:00+00:00,71.90873015873021
2019-11-28 23:40:00+00:00,71.95436507936512
2019-11-29 00:00:00+00:00,72.00000000000004
2019-11-29 00:20:00+00:00,71.99437830687835
2019-11-29 00:40:00+00:00,71.98875661375665
2019-11-29 01:00:00+00:00,71.98313492063497
2019-11-29 01:20:00+00:00,71.97751322751327
2019-11-29 01:40:00+00:00,71.97189153439157
2019-11-29 02:00:00+00:00,71.96626984126988
2019-11-29 02:20:00+00:00,71.9606481481482
2019-11-29 02:40:00+00:00,71.9550264550265
2019-11-29 03:00:00+00:00,71.9494047619048
2019-11-29 03:20:00+00:00,71.9437830687831
2019-11-29 03:40:00+00:00,71.93816137566142
2019-11-29 04:00:00+00:00,71.93253968253973
2019-11-29 04:20:00+00:00,71.92691798941803
2019-11-29 04:40:00+00:00,71.92129629629633
2019-11-29 05:00:00+00:00,71.91567460317465
2019-11-29 05:20:00+00:00,71.91005291005295
2019-11-29 05:40:00+00:00,71.90443121693126
2019-11-29 06:00:00+00:00,71.89880952380956
2019-11-29 06:20:00+00:00,71.89318783068786
2019-11-29 06:40:00+00:00,71.88756613756618
2019-11-29 07:00:00+00:00,71.88194444444449
2019-11-29 07:20:00+00:00,71.87632275132279
2019-11-29 07:40:00+00:00,71.87070105820109
2019-11-29 08:00:00+00:00,71.86507936507941
2019-11-29 08:20:00+00:00,71.85945767195771
2019-11-29 08:40:00+00:00,71.85383597883602
2019-11-29 09:00:00+00:00,71.84821428571432
2019-11-29 09:20:00+00:00,71.84259259259264
2019-11-29 09:40:00+00:00,71.83697089947094
2019-11-29 10:00:00+00:00,71.83134920634924
2019-11-29 10:20:00+00:00,71.82572751322755
2019-11-29 10:40:00+00:00,71.82010582010587
2019-11-29 11:00:00+00:00,71.81448412698417
2019-11-29 11:20:00+00:00,71.80886243386247
2019-11-29 11:40:00+00:00,71.80324074074078
2019-11-29 12:00:00+00:00,71.7976190476191
2019-11-29 12:20:00+00:00,71.7919973544974
2019-11-29 12:40:00+00:00,71.7863756613757
2019-11-29 13:00:00+00:00,71.780753968254
2019-11-29 13:20:00+00:00,71.77513227513231
2019-11-29 13:40:00+00:00,71.76951058201062
2019-11-29 14:00:00+00:00,71.76388888888893
2019-11-29 14:20:00+00:00,71.75826719576723
2019-11-29 14:40:00+00:00,71.75264550264554
2019-11-29 15:00:00+00:00,71.74702380952385
2019-11-29 15:20:00+00:00,71.74140211640216
2019-11-29 15:40:00+00:00,71.73578042328046
2019-11-29 16:00:00+00:00,71.73015873015876
2019-11-29 16:20:00+00:00,71.72453703703708
2019-11-29 16:40:00+00:00,71.71891534391538
2019-11-29 17:00:00+00:00,71.71329365079369
2019-11-29 17:20:00+00:00,71.70767195767199
2019-11-29 17:40:00+00:00,71.70205026455031
2019-11-29 18:00:00+00:00,71.69642857142861
2019-11-29 18:20:00+00:00,71.69080687830692
2019-11-29 18:40:00+00:00,71.68518518518522
2019-11-29 19:00:00+00:00,71.67956349206352
2019-11-29 19:20:00+00:00,71.67394179894184
2019-11-29 19:40:00+00:00,71.66832010582014
2019-11-29 20:00:00+00:00,71.66269841269845
2019-11-29 20:20:00+00:00,71.65707671957675
2019-11-29 20:40:00+00:00,71.65145502645507
2019-11-29 21:00:00+00:00,71.64583333333337
2019-11-29 21:20:00+00:00,71.64021164021167
2019-11-29 21:40:00+00:00,71.63458994708998
2019-11-29 22:00:00+00:00,71.6289682539683
2019-11-29 22:20:00+00:00,71.6233465608466
2019-11-29 22:40:00+00:00,71.6177248677249
2019-11-29 23:00:00+00:00,71.6121031746032
2019-11-29 23:20:00+00:00,71.60648148148152
2019-11-29 23:40:00+00:00,71.60085978835983
2019-11-30 00:00:00+00:00,71.59523809523813
2019-11-30 00:20:00+00:00,71.53736772486776
2019-11-30 00:40:00+00:00,71.4794973544974
2019-11-30 01:00:00+00:00,71.42162698412702
2019-11-30 01:20:00+00:00,71.36375661375665
2019-11-30 01:40:00+00:00,71.30588624338628
2019-11-30 02:00:00+00:00,71.2480158730159
2019-11-30 02:20:00+00:00,71.19014550264554
2019-11-30 02:40:00+00:00,71.13227513227517
2019-11-30 03:00:00+00:00,71.0744047619048
2019-11-30 03:20:00+00:00,71.01653439153444
2019-11-30 03:40:00+00:00,70.95866402116405
2019-11-30 04:00:00+00:00,70.90079365079369
2019-11-30 04:20:00+00:00,70.84292328042332
2019-11-30 04:40:00+00:00,70.78505291005294
2019-11-30 05:00:00+00:00,70.72718253968257
2019-11-30 05:20:00+00:00,70.6693121693122
2019-11-30 05:40:00+00:00,70.61144179894184
2019-11-30 06:00:00+00:00,70.55357142857147
2019-11-30 06:20:00+00:00,70.49570105820109
2019-11-30 06:40:00+00:00,70.43783068783073
2019-11-30 07:00:00+00:00,70.37996031746036
2019-11-30 07:20:00+00:00,70.32208994708998
2019-11-30 07:40:00+00:00,70.26421957671961
2019-11-30 08:00:00+00:00,70.20634920634924
2019-11-30 08:20:00+00:00,70.14847883597888
2019-11-30 08:40:00+00:00,70.09060846560851
2019-11-30 09:00:00+00:00,70.03273809523813
2019-11-30 09:20:00+00:00,69.97486772486776
2019-11-30 09:40:00+00:00,69.9169973544974
2019-11-30 10:00:00+00:00,69.85912698412702
2019-11-30 10:20:00+00:00,69.80125661375665
2019-11-30 10:40:00+00:00,69.74338624338628
2019-11-30 11:00:00+00:00,69.68551587301592
2019-11-30 11:20:00+00:00,69.62764550264555
2019-11-30 11:40:00+00:00,69.56977513227517
2019-11-30 12:00:00+00:00,69.5119047619048
2019-11-30 12:20:00+00:00,69.45403439153444
2019-11-30 12:40:00+00:00,69.39616402116405
2019-11-30 13:00:00+00:00,69.33829365079369
2019-11-30 13:20:00+00:00,69.28042328042332
2019-11-30 13:40:00+00:00,69.22255291005295
2019-11-30 14:00:00+00:00,69.16468253968259
2019-11-30 14:20:00+00:00,69.1068121693122
2019-11-30 14:40:00+00:00,69.04894179894184
2019-11-30 15:00:00+00:00,68.99107142857147
2019-11-30 15:20:00+00:00,68.93320105820109
2019-11-30 15:40:00+00:00,68.87533068783073
2019-11-30 16:00:00+00:00,68.81746031746036
2019-11-30 16:20:00+00:00,68.75958994708999
2019-11-30 16:40:00+00:00,68.70171957671963
2019-11-30 17:00:00+00:00,68.64384920634924
2019-11-30 17:20:00+00:00,68.58597883597888
2019-11-30 17:40:00+00:00,68.52810846560851
2019-11-30 18:00:00+00:00,68.47023809523813
2019-11-30 18:20:00+00:00,68.41236772486776
2019-11-30 18:40:00+00:00,68.3544973544974
2019-11-30 19:00:00+00:00,68.29662698412703
2019-11-30 19:20:00+00:00,68.23875661375666
2019-11-30 19:40:00+00:00,68.18088624338628
2019-11-30 20:00:00+00:00,68.12301587301592
2019-11-30 20:20:00+00:00,68.06514550264555
2019-11-30 20:40:00+00:00,68.00727513227517
2019-11-30 21:00:00+00:00,67.9494047619048
2019-11-30 21:20:00+00:00,67.89153439153444
2019-11-30 21:40:00+00:00,67.83366402116407
2019-11-30 22:00:00+00:00,67.7757936507937
2019-11-30 22:20:00+00:00,67.71792328042332
2019-11-30 22:40:00+00:00,67.66005291005295
2019-11-30 23:00:00+00:00,67.60218253968259
2019-11-30 23:20:00+00:00,67.5443121693122
2019-11-30 23:40:00+00:00,67.48644179894184
2019-12-01 00:00:00+00:00,67.42857142857147
2019-12-01 00:20:00+00:00,67.42824074074079
2019-12-01 00:40:00+00:00,67.4279100529101
2019-12-01 01:00:00+00:00,67.42757936507941
2019-12-01 01:20:00+00:00,67.42724867724873
2019-12-01 01:40:00+00:00,67.42691798941803
2019-12-01 02:00:00+00:00,67.42658730158735
2019-12-01 02:20:00+00:00,67.42625661375666
2019-12-01 02:40:00+00:00,67.42592592592597
2019-12-01 03:00:00+00:00,67.42559523809528
2019-12-01 03:20:00+00:00,67.4252645502646
2019-12-01 03:40:00+00:00,67.4249338624339
2019-12-01 04:00:00+00:00,67.42460317460322
2019-12-01 04:20:00+00:00,67.42427248677252
2019-12-01 04:40:00+00:00,67.42394179894184
2019-12-01 05:00:00+00:00,67.42361111111116
2019-12-01 05:20:00+00:00,67.42328042328046
2019-12-01 05:40:00+00:00,67.42294973544978
2019-12-01 06:00:00+00:00,67.4226190476191
2019-12-01 06:20:00+00:00,67.4222883597884
2019-12-01 06:40:00+00:00,67.42195767195771
2019-12-01 07:00:00+00:00,67.42162698412703
2019-12-01 07:20:00+00:00,67.42129629629633
2019-12-01 07:40:00+00:00,67.42096560846565
2019-12-01 08:00:00+00:00,67.42063492063497
2019-12-01 08:20:00+00:00,67.42030423280427
2019-12-01 08:40:00+00:00,67.41997354497359
2019-12-01 09:00:00+00:00,67.4196428571429
2019-12-01 09:20:00+00:00,67.4193121693122
2019-12-01 09:40:00+00:00,67.41898148148152
2019-12-01 10:00:00+00:00,67.41865079365084
2019-12-01 10:20:00+00:00,67.41832010582014
2019-12-01 10:40:00+00:00,67.41798941798946
2019-12-01 11:00:00+00:00,67.41765873015878
2019-12-01 11:20:00+00:00,67.41732804232808
2019-12-01 11:40:00+00:00,67.4169973544974
2019-12-01 12:00:00+00:00,67.41666666666671
2019-12-01 12:20:00+00:00,67.41633597883602
2019-12-01 12:40:00+00:00,67.41600529100533
2019-12-01 13:00:00+00:00,67.41567460317464
2019-12-01 13:20:00+00:00,67.41534391534395
2019-12-01 13:40:00+00:00,67.41501322751327
2019-12-01 14:00:00+00:00,67.41468253968257
2019-12-01 14:20:00+00:00,67.41435185185189
2019-12-01 14:40:00+00:00,67.41402116402121
2019-12-01 15:00:00+00:00,67.41369047619051
2019-12-01 15:20:00+00:00,67.41335978835983
2019-12-01 15:40:00+00:00,67.41302910052914
2019-12-01 16:00:00+00:00,67.41269841269845
2019-12-01 16:20:00+00:00,67.41236772486776
2019-12-01 16:40:00+00:00,67.41203703703708
2019-12-01 17:00:00+00:00,67.41170634920638
2019-12-01 17:20:00+00:00,67.4113756613757
2019-12-01 17:40:00+00:00,67.41104497354502
2019-12-01 18:00:00+00:00,67.41071428571432
2019-12-01 18:20:00+00:00,67.41038359788364
2019-12-01 18:40:00+00:00,67.41005291005295
2019-12-01 19:00:00+00:00,67.40972222222226
2019-12-01 19:20:00+00:00,67.40939153439157
2019-12-01 19:40:00+00:00,67.40906084656089
2019-12-01 20:00:00+00:00,67.4087301587302
2019-12-01 20:20:00+00:00,67.40839947089951
2019-12-01 20:40:00+00:00,67.40806878306881
2019-12-01 21:00:00+00:00,67.40773809523813
2019-12-01 21:20:00+00:00,67.40740740740745
2019-12-01 21:40:00+00:00,67.40707671957675
2019-12-01 22:00:00+00:00,67.40674603174607
2019-12-01 22:20:00+00:00,67.40641534391538
2019-12-01 22:40:00+00:00,67.40608465608469
2019-12-01 23:00:00+00:00,67.405753968254
2019-12-01 23:20:00+00:00,67.40542328042332
2019-12-01 23:40:00+00:00,67.40509259259262
2019-12-02 00:00:00+00:00,67.40476190476194
2019-12-02 00:20:00+00:00,67.40410052910056
2019-12-02 00:40:00+00:00,67.4034391534392
2019-12-02 01:00:00+00:00,67.40277777777781
2019-12-02 01:20:00+00:00,67.40211640211643
2019-12-02 01:40:00+00:00,67.40145502645507
2019-12-02 02:00:00+00:00,67.40079365079369
2019-12-02 02:20:00+00:00,67.40013227513231
2019-12-02 02:40:00+00:00,67.39947089947094
2019-12-02 03:00:00+00:00,67.39880952380956
2019-12-02 03:20:00+00:00,67.39814814814818
2019-12-02 03:40:00+00:00,67.39748677248681
2019-12-02 04:00:00+00:00,67.39682539682543
2019-12-02 04:20:00+00:00,67.39616402116405
2019-12-02 04:40:00+00:00,67.39550264550269
2019-12-02 05:00:00+00:00,67.39484126984131
2019-12-02 05:20:00+00:00,67.39417989417993
2019-12-02 05:40:00+00:00,67.39351851851856
2019-12-02 06:00:00+00:00,67.39285714285718
2019-12-02 06:20:00+00:00,67.3921957671958
2019-12-02 06:40:00+00:00,67.39153439153444
2019-12-02 07:00:00+00:00,67.39087301587305
2019-12-02 07:20:00+00:00,67.39021164021167
2019-12-02 07:40:00+00:00,67.38955026455031
2019-12-02 08:00:00+00:00,67.38888888888893
2019-12-02 08:20:00+00:00,67.38822751322755
2019-12-02 08:40:00+00:00,67.38756613756618
2019-12-02 09:00:00+00:00,67.3869047619048
2019-12-02 09:20:00+00:00,67.38624338624342
2019-12-02 09:40:00+00:00,67.38558201058206
2019-12-02 10:00:00+00:00,67.38492063492068
2019-12-02 10:20:00+00:00,67.3842592592593
2019-12-02 10:40:00+00:00,67.38359788359793
2019-12-02 11:00:00+00:00,67.38293650793655
2019-12-02 11:20:00+00:00,67.38227513227517
2019-12-02 11:40:00+00:00,67.3816137566138
2019-12-02 12:00:00+00:00,67.38095238095242
2019-12-02 12:20:00+00:00,67.38029100529104
2019-12-02 12:40:00+00:00,67.37962962962968
2019-12-02 13:00:00+00:00,67.3789682539683
2019-12-02 13:20:00+00:00,67.37830687830692
2019-12-02 13:40:00+00:00,67.37764550264555
2019-12-02 14:00:00+00:00,67.37698412698417
2019-12-02 14:20:00+00:00,67.37632275132279
2019-12-02 14:40:00+00:00,67.37566137566142
2019-12-02 15:00:00+00:00,67.37500000000004
2019-12-02 15:20:00+00:00,67.37433862433866
2019-12-02 15:40:00+00:00,67.3736772486773
2019-12-02 16:00:00+00:00,67.37301587301592
2019-12-02 16:20:00+00:00,67.37235449735454
2019-12-02 16:40:00+00:00,67.37169312169317
2019-12-02 17:00:00+00:00,67.37103174603179
2019-12-02 17:20:00+00:00,67.37037037037041
2019-12-02 17:40:00+00:00,67.36970899470904
2019-12-02 18:00:00+00:00,67.36904761904766
2019-12-02 18:20:00+00:00,67.36838624338628
2019-12-02 18:40:00+00:00,67.36772486772492
2019-12-02 19:00:00+00:00,67.36706349206354
2019-12-02 19:20:00+00:00,67.36640211640216
2019-12-02 19:40:00+00:00,67.36574074074079
2019-12-02 20:00:00+00:00,67.36507936507941
2019-12-02 20:20:00+00:00,67.36441798941803
2019-12-02 20:40:00+00:00,67.36375661375666
2019-12-02 21:00:00+00:00,67.36309523809528
2019-12-02 21:20:00+00:00,67.3624338624339
2019-12-02 21:40:00+00:00,67.36177248677254
2019-12-02 22:00:00+00:00,67.36111111111116
2019-12-02 22:20:00+00:00,67.36044973544978
2019-12-02 22:40:00+00:00,67.35978835978841
2019-12-02 23:00:00+00:00,67.35912698412703
2019-12-02 23:20:00+00:00,67.35846560846565
2019-12-02 23:40:00+00:00,67.35780423280428
2019-12-03 00:00:00+00:00,67.3571428571429
2019-12-03 00:20:00+00:00,67.35582010582016
2019-12-03 00:40:00+00:00,67.3544973544974
2019-12-03 01:00:00+00:00,67.35317460317465
2019-12-03 01:20:00+00:00,67.3518518518519
2019-12-03 01:40:00+00:00,67.35052910052914
2019-12-03 02:00:00+00:00,67.3492063492064
2019-12-03 02:20:00+00:00,67.34788359788364
2019-12-03 02:40:00+00:00,67.34656084656089
2019-12-03 03:00:00+00:00,67.34523809523814
2019-12-03 03:20:00+00:00,67.34391534391538
2019-12-03 03:40:00+00:00,67.34259259259264
2019-12-03 04:00:00+00:00,67.34126984126989
2019-12-03 04:20:00+00:00,67.33994708994713
2019-12-03 04:40:00+00:00,67.33862433862438
2019-12-03 05:00:00+00:00,67.33730158730164
2019-12-03 05:20:00+00:00,67.33597883597888
2019-12-03 05:40:00+00:00,67.33465608465613
2019-12-03 06:00:00+00:00,67.33333333333337
2019-12-03 06:20:00+00:00,67.33201058201062
2019-12-03 06:40:00+00:00,67.33068783068788
2019-12-03 07:00:00+00:00,67.32936507936512
2019-12-03 07:20:00+00:00,67.32804232804237
2019-12-03 07:40:00+00:00,67.32671957671963
2019-12-03 08:00:00+00:00,67.32539682539687
2019-12-03 08:20:00+00:00,67.32407407407412
2019-12-03 08:40:00+00:00,67.32275132275137
2019-12-03 09:00:00+00:00,67.32142857142861
2019-12-03 09:20:00+00:00,67.32010582010587
2019-12-03 09:40:00+00:00,67.31878306878312
2019-12-03 10:00:00+00:00,67.31746031746036
2019-12-03 10:20:00+00:00,67.31613756613761
2019-12-03 10:40:00+00:00,67.31481481481485
2019-12-03 11:00:00+00:00,67.3134920634921
2019-12-03 11:20:00+00:00,67.31216931216936
2019-12-03 11:40:00+00:00,67.3108465608466
2019-12-03 12:00:00+00:00,67.30952380952385
2019-12-03 12:20:00+00:00,67.3082010582011
2019-12-03 12:40:00+00:00,67.30687830687835
2019-12-03 13:00:00+00:00,67.3055555555556
2019-12-03 13:20:00+00:00,67.30423280423285
2019-12-03 13:40:00+00:00,67.3029100529101
2019-12-03 14:00:00+00:00,67.30158730158735
2019-12-03 14:20:00+00:00,67.30026455026459
2019-12-03 14:40:00+00:00,67.29894179894184
2019-12-03 15:00:00+00:00,67.2976190476191
2019-12-03 15:20:00+00:00,67.29629629629633
2019-12-03 15:40:00+00:00,67.29497354497359
2019-12-03 16:00:00+00:00,67.29365079365084
2019-12-03 16:20:00+00:00,67.29232804232808
2019-12-03 16:40:00+00:00,67.29100529100533
2019-12-03 17:00:00+00:00,67.28968253968259
2019-12-03 17:20:00+00:00,67.28835978835983
2019-12-03 17:40:00+00:00,67.28703703703708
2019-12-03 18:00:00+00:00,67.28571428571433
2019-12-03 18:20:00+00:00,67.28439153439157
2019-12-03 18:40:00+00:00,67.28306878306883
2019-12-03 19:00:00+00:00,67.28174603174607
2019-12-03 19:20:00+00:00,67.28042328042332
2019-12-03 19:40:00+00:00,67.27910052910057
2019-12-03 20:00:00+00:00,67.27777777777781
2019-12-03 20:20:00+00:00,67.27645502645507
2019-12-03 20:40:00+00:00,67.27513227513232
2019-12-03 21:00:00+00:00,67.27380952380956
2019-12-03 21:20:00+00:00,67.27248677248681
2019-12-03 21:40:00+00:00,67.27116402116407
2019-12-03 22:00:00+00:00,67.26984126984131
2019-12-03 22:20:00+00:00,67.26851851851856
2019-12-03 22:40:00+00:00,67.2671957671958
2019-12-03 23:00:00+00:00,67.26587301587305
2019-12-03 23:20:00+00:00,67.26455026455031
2019-12-03 23:40:00+00:00,67.26322751322755
2019-12-04 00:00:00+00:00,67.2619047619048
2019-12-04 00:20:00+00:00,67.30257936507941
2019-12-04 00:40:00+00:00,67.343253968254
2019-12-04 01:00:00+00:00,67.38392857142861
2019-12-04 01:20:00+00:00,67.42460317460322
2019-12-04 01:40:00+00:00,67.46527777777781
2019-12-04 02:00:00+00:00,67.50595238095242
2019-12-04 02:20:00+00:00,67.54662698412703
2019-12-04 02:40:00+00:00,67.58730158730162
2019-12-04 03:00:00+00:00,67.62797619047623
2019-12-04 03:20:00+00:00,67.66865079365084
2019-12-04 03:40:00+00:00,67.70932539682543
2019-12-04 04:00:00+00:00,67.75000000000004
2019-12-04 04:20:00+00:00,67.79067460317464
2019-12-04 04:40:00+00:00,67.83134920634924
2019-12-04 05:00:00+00:00,67.87202380952385
2019-12-04 05:20:00+00:00,67.91269841269845
2019-12-04 05:40:00+00:00,67.95337301587305
2019-12-04 06:00:00+00:00,67.99404761904766
2019-12-04 06:20:00+00:00,68.03472222222226
2019-12-04 06:40:00+00:00,68.07539682539687
2019-12-04 07:00:00+00:00,68.11607142857147
2019-12-04 07:20:00+00:00,68.15674603174607
2019-12-04 07:40:00+00:00,68.19742063492068
2019-12-04 08:00:00+00:00,68.23809523809528
2019-12-04 08:20:00+00:00,68.27876984126988
2019-12-04 08:40:00+00:00,68.31944444444449
2019-12-04 09:00:00+00:00,68.3601190476191
2019-12-04 09:20:00+00:00,68.40079365079369
2019-12-04 09:40:00+00:00,68.4414682539683
2019-12-04 10:00:00+00:00,68.4821428571429
2019-12-04 10:20:00+00:00,68.5228174603175
2019-12-04 10:40:00+00:00,68.5634920634921
2019-12-04 11:00:00+00:00,68.60416666666671
2019-12-04 11:20:00+00:00,68.64484126984131
2019-12-04 11:40:00+00:00,68.68551587301592
2019-12-04 12:00:00+00:00,68.72619047619051
2019-12-04 12:20:00+00:00,68.76686507936512
2019-12-04 12:40:00+00:00,68.80753968253973
2019-12-04 13:00:00+00:00,68.84821428571432
2019-12-04 13:20:00+00:00,68.88888888888893
2019-12-04 13:40:00+00:00,68.92956349206354
2019-12-04 14:00:00+00:00,68.97023809523813
2019-12-04 14:20:00+00:00,69.01091269841274
2019-12-04 14:40:00+00:00,69.05158730158735
2019-12-04 15:00:00+00:00,69.09226190476194
2019-12-04 15:20:00+00:00,69.13293650793655
2019-12-04 15:40:00+00:00,69.17361111111116
2019-12-04 16:00:00+00:00,69.21428571428575
2019-12-04 16:20:00+00:00,69.25496031746036
2019-12-04 16:40:00+00:00,69.29563492063497
2019-12-04 17:00:00+00:00,69.33630952380956
2019-12-04 17:20:00+00:00,69.37698412698417
2019-12-04 17:40:00+00:00,69.41765873015878
2019-12-04 18:00:00+00:00,69.45833333333337
2019-12-04 18:20:00+00:00,69.49900793650798
2019-12-04 18:40:00+00:00,69.53968253968259
2019-12-04 19:00:00+00:00,69.58035714285718
2019-12-04 19:20:00+00:00,69.62103174603179
2019-12-04 19:40:00+00:00,69.66170634920638
2019-12-04 20:00:00+00:00,69.70238095238099
2019-12-04 20:20:00+00:00,69.7430555555556
2019-12-04 20:40:00+00:00,69.7837301587302
2019-12-04 21:00:00+00:00,69.8244047619048
2019-12-04 21:20:00+00:00,69.86507936507941
2019-12-04 21:40:00+00:00,69.905753968254
2019-12-04 22:00:00+00:00,69.94642857142861
2019-12-04 22:20:00+00:00,69.98710317460322
2019-12-04 22:40:00+00:00,70.02777777777781
2019-12-04 23:00:00+00:00,70.06845238095242
2019-12-04 23:20:00+00:00,70.10912698412703
2019-12-04 23:40:00+00:00,70.14980158730162
2019-12-05 00:00:00+00:00,70.19047619047623
2019-12-05 00:20:00+00:00,70.19576719576723
2019-12-05 00:40:00+00:00,70.20105820105825
2019-12-05 01:00:00+00:00,70.20634920634924
2019-12-05 01:20:00+00:00,70.21164021164026
2019-12-05 01:40:00+00:00,70.21693121693126
2019-12-05 02:00:00+00:00,70.22222222222226
2019-12-05 02:20:00+00:00,70.22751322751327
2019-12-05 02:40:00+00:00,70.23280423280427
2019-12-05 03:00:00+00:00,70.23809523809528
2019-12-05 03:20:00+00:00,70.24338624338628
2019-12-05 03:40:00+00:00,70.2486772486773
2019-12-05 04:00:00+00:00,70.2539682539683
2019-12-05 04:20:00+00:00,70.2592592592593
2019-12-05 04:40:00+00:00,70.26455026455031
2019-12-05 05:00:00+00:00,70.26984126984131
2019-12-05 05:20:00+00:00,70.27513227513232
2019-12-05 05:40:00+00:00,70.28042328042332
2019-12-05 06:00:00+00:00,70.28571428571433
2019-12-05 06:20:00+00:00,70.29100529100533
2019-12-05 06:40:00+00:00,70.29629629629633
2019-12-05 07:00:00+00:00,70.30158730158735
2019-12-05 07:20:00+00:00,70.30687830687835
2019-12-05 07:40:00+00:00,70.31216931216936
2019-12-05 08:00:00+00:00,70.31746031746036
2019-12-05 08:20:00+00:00,70.32275132275136
2019-12-05 08:40:00+00:00,70.32804232804237
2019-12-05 09:00:00+00:00,70.33333333333337
2019-12-05 09:20:00+00:00,70.33862433862438
2019-12-05 09:40:00+00:00,70.34391534391538
2019-12-05 10:00:00+00:00,70.34920634920638
2019-12-05 10:20:00+00:00,70.3544973544974
2019-12-05 10:40:00+00:00,70.3597883597884
2019-12-05 11:00:00+00:00,70.36507936507941
2019-12-05 11:20:00+00:00,70.37037037037041
2019-12-05 11:40:00+00:00,70.37566137566142
2019-12-05 12:00:00+00:00,70.38095238095242
2019-12-05 12:20:00+00:00,70.38624338624342
2019-12-05 12:40:00+00:00,70.39153439153444
2019-12-05 13:00:00+00:00,70.39682539682543
2019-12-05 13:20:00+00:00,70.40211640211645
2019-12-05 13:40:00+00:00,70.40740740740745
2019-12-05 14:00:00+00:00,70.41269841269845
2019-12-05 14:20:00+00:00,70.41798941798946
2019-12-05 14:40:00+00:00,70.42328042328046
2019-12-05 15:00:00+00:00,70.42857142857147
2019-12-05 15:20:00+00:00,70.43386243386247
2019-12-05 15:40:00+00:00,70.43915343915349
2019-12-05 16:00:00+00:00,70.44444444444449
2019-12-05 16:20:00+00:00,70.44973544973548
2019-12-05 16:40:00+00:00,70.4550264550265
2019-12-05 17:00:00+00:00,70.4603174603175
2019-12-05 17:20:00+00:00,70.46560846560851
2019-12-05 17:40:00+00:00,70.47089947089951
2019-12-05 18:00:00+00:00,70.47619047619051
2019-12-05 18:20:00+00:00,70.48148148148152
2019-12-05 18:40:00+00:00,70.48677248677252
2019-12-05 19:00:00+00:00,70.49206349206354
2019-12-05 19:20:00+00:00,70.49735449735454
2019-12-05 19:40:00+00:00,70.50264550264555
2019-12-05 20:00:00+00:00,70.50793650793655
2019-12-05 20:20:00+00:00,70.51322751322755
2019-12-05 20:40:00+00:00,70.51851851851856
2019-12-05 21:00:00+00:00,70.52380952380956
2019-12-05 21:20:00+00:00,70.52910052910057
2019-12-05 21:40:00+00:00,70.53439153439157
2019-12-05 22:00:00+00:00,70.53968253968259
2019-12-05 22:20:00+00:00,70.54497354497359
2019-12-05 22:40:00+00:00,70.55026455026459
2019-12-05 23:00:00+00:00,70.5555555555556
2019-12-05 23:20:00+00:00,70.5608465608466
2019-12-05 23:40:00+00:00,70.56613756613761
2019-12-06 00:00:00+00:00,70.57142857142861
2019-12-06 00:20:00+00:00,70.56448412698417
2019-12-06 00:40:00+00:00,70.55753968253973
2019-12-06 01:00:00+00:00,70.55059523809528
2019-12-06 01:20:00+00:00,70.54365079365084
2019-12-06 01:40:00+00:00,70.53670634920638
2019-12-06 02:00:00+00:00,70.52976190476194
2019-12-06 02:20:00+00:00,70.5228174603175
2019-12-06 02:40:00+00:00,70.51587301587305
2019-12-06 03:00:00+00:00,70.50892857142861
2019-12-06 03:20:00+00:00,70.50198412698417
2019-12-06 03:40:00+00:00,70.49503968253973
2019-12-06 04:00:00+00:00,70.48809523809528
2019-12-06 04:20:00+00:00,70.48115079365084
2019-12-06 04:40:00+00:00,70.47420634920638
2019-12-06 05:00:00+00:00,70.46726190476194
2019-12-06 05:20:00+00:00,70.4603174603175
2019-12-06 05:40:00+00:00,70.45337301587305
2019-12-06 06:00:00+00:00,70.44642857142861
2019-12-06 06:20:00+00:00,70.43948412698417
2019-12-06 06:40:00+00:00,70.43253968253973
2019-12-06 07:00:00+00:00,70.42559523809528
2019-12-06 07:20:00+00:00,70.41865079365084
2019-12-06 07:40:00+00:00,70.41170634920638
2019-12-06 08:00:00+00:00,70.40476190476194
2019-12-06 08:20:00+00:00,70.3978174603175
2019-12-06 08:40:00+00:00,70.39087301587305
2019-12-06 09:00:00+00:00,70.38392857142861
2019-12-06 09:20:00+00:00,70.37698412698417
2019-12-06 09:40:00+00:00,70.37003968253973
2019-12-06 10:00:00+00:00,70.36309523809528
2019-12-06 10:20:00+00:00,70.35615079365084
2019-12-06 10:40:00+00:00,70.34920634920638
2019-12-06 11:00:00+00:00,70.34226190476194
2019-12-06 11:20:00+00:00,70.3353174603175
2019-12-06 11:40:00+00:00,70.32837301587305
2019-12-06 12:00:00+00:00,70.32142857142861
2019-12-06 12:20:00+00:00,70.31448412698417
2019-12-06 12:40:00+00:00,70.30753968253973
2019-12-06 13:00:00+00:00,70.30059523809528
2019-12-06 13:20:00+00:00,70.29365079365084
2019-12-06 13:40:00+00:00,70.28670634920638
2019-12-06 14:00:00+00:00,70.27976190476194
2019-12-06 14:20:00+00:00,70.2728174603175
2019-12-06 14:40:00+00:00,70.26587301587305
2019-12-06 15:00:00+00:00,70.25892857142861
2019-12-06 15:20:00+00:00,70.25198412698417
2019-12-06 15:40:00+00:00,70.24503968253973
2019-12-06 16:00:00+00:00,70.23809523809528
2019-12-06 16:20:00+00:00,70.23115079365084
2019-12-06 16:40:00+00:00,70.22420634920638
2019-12-06 17:00:00+00:00,70.21726190476194
2019-12-06 17:20:00+00:00,70.2103174603175
2019-12-06 17:40:00+00:00,70.20337301587305
2019-12-06 18:00:00+00:00,70.19642857142861
2019-12-06 18:20:00+00:00,70.18948412698417
2019-12-06 18:40:00+00:00,70.18253968253973
2019-12-06 19:00:00+00:00,70.17559523809528
2019-12-06 19:20:00+00:00,70.16865079365084
2019-12-06 19:40:00+00:00,70.16170634920638
2019-12-06 20:00:00+00:00,70.15476190476194
2019-12-06 20:20:00+00:00,70.1478174603175
2019-12-06 20:40:00+00:00,70.14087301587305
2019-12-06 21:00:00+00:00,70.13392857142861
2019-12-06 21:20:00+00:00,70.12698412698417
2019-12-06 21:40:00+00:00,70.12003968253973
2019-12-06 22:00:00+00:00,70.11309523809528
2019-12-06 22:20:00+00:00,70.10615079365084
2019-12-06 22:40:00+00:00,70.09920634920638
2019-12-06 23:00:00+00:00,70.09226190476194
2019-12-06 23:20:00+00:00,70.0853174603175
2019-12-06 23:40:00+00:00,70.07837301587305
2019-12-07 00:00:00+00:00,70.07142857142861
2019-12-07 00:20:00+00:00,70.06746031746036
2019-12-07 00:40:00+00:00,70.0634920634921
2019-12-07 01:00:00+00:00,70.05952380952385
2019-12-07 01:20:00+00:00,70.0555555555556
2019-12-07 01:40:00+00:00,70.05158730158735
2019-12-07 02:00:00+00:00,70.0476190476191
2019-12-07 02:20:00+00:00,70.04365079365084
2019-12-07 02:40:00+00:00,70.03968253968259
2019-12-07 03:00:00+00:00,70.03571428571433
2019-12-07 03:20:00+00:00,70.03174603174607
2019-12-07 03:40:00+00:00,70.02777777777781
2019-12-07 04:00:00+00:00,70.02380952380956
2019-12-07 04:20:00+00:00,70.01984126984131
2019-12-07 04:40:00+00:00,70.01587301587305
2019-12-07 05:00:00+00:00,70.0119047619048
2019-12-07 05:20:00+00:00,70.00793650793655
2019-12-07 05:40:00+00:00,70.0039682539683
2019-12-07 06:00:00+00:00,70.00000000000004
2019-12-07 06:20:00+00:00,69.99603174603179
2019-12-07 06:40:00+00:00,69.99206349206354
2019-12-07 07:00:00+00:00,69.98809523809528
2019-12-07 07:20:00+00:00,69.98412698412703
2019-12-07 07:40:00+00:00,69.98015873015878
2019-12-07 08:00:00+00:00,69.97619047619052
2019-12-07 08:20:00+00:00,69.97222222222227
2019-12-07 08:40:00+00:00,69.96825396825402
2019-12-07 09:00:00+00:00,69.96428571428575
2019-12-07 09:20:00+00:00,69.9603174603175
2019-12-07 09:40:00+00:00,69.95634920634924
2019-12-07 10:00:00+00:00,69.95238095238099
2019-12-07 10:20:00+00:00,69.94841269841274
2019-12-07 10:40:00+00:00,69.94444444444449
2019-12-07 11:00:00+00:00,69.94047619047623
2019-12-07 11:20:00+00:00,69.93650793650798
2019-12-07 11:40:00+00:00,69.93253968253973
2019-12-07 12:00:00+00:00,69.92857142857147
2019-12-07 12:20:00+00:00,69.92460317460322
2019-12-07 12:40:00+00:00,69.92063492063497
2019-12-07 13:00:00+00:00,69.91666666666671
2019-12-07 13:20:00+00:00,69.91269841269846
2019-12-07 13:40:00+00:00,69.90873015873021
2019-12-07 14:00:00+00:00,69.90476190476195
2019-12-07 14:20:00+00:00,69.9007936507937
2019-12-07 14:40:00+00:00,69.89682539682545
2019-12-07 15:00:00+00:00,69.8928571428572
2019-12-07 15:20:00+00:00,69.88888888888893
2019-12-07 15:40:00+00:00,69.88492063492068
2019-12-07 16:00:00+00:00,69.88095238095242
2019-12-07 16:20:00+00:00,69.87698412698417
2019-12-07 16:40:00+00:00,69.87301587301592
2019-12-07 17:00:00+00:00,69.86904761904766
2019-12-07 17:20:00+00:00,69.86507936507941
2019-12-07 17:40:00+00:00,69.86111111111116
2019-12-07 18:00:00+00:00,69.8571428571429
2019-12-07 18:20:00+00:00,69.85317460317465
2019-12-07 18:40:00+00:00,69.8492063492064
2019-12-07 19:00:00+00:00,69.84523809523814
2019-12-07 19:20:00+00:00,69.84126984126989
2019-12-07 19:40:00+00:00,69.83730158730164
2019-12-07 20:00:00+00:00,69.83333333333339
2019-12-07 20:20:00+00:00,69.82936507936513
2019-12-07 20:40:00+00:00,69.82539682539688
2019-12-07 21:00:00+00:00,69.82142857142861
2019-12-07 21:20:00+00:00,69.81746031746036
2019-12-07 21:40:00+00:00,69.8134920634921
2019-12-07 22:00:00+00:00,69.80952380952385
2019-12-07 22:20:00+00:00,69.8055555555556
2019-12-07 22:40:00+00:00,69.80158730158735
2019-12-07 23:00:00+00:00,69.7976190476191
2019-12-07 23:20:00+00:00,69.79365079365084
2019-12-07 23:40:00+00:00,69.78968253968259
2019-12-08 00:00:00+00:00,69.78571428571433
2019-12-08 00:20:00+00:00,69.78637566137571
2019-12-08 00:40:00+00:00,69.78703703703708
2019-12-08 01:00:00+00:00,69.78769841269846
2019-12-08 01:20:00+00:00,69.78835978835984
2019-12-08 01:40:00+00:00,69.78902116402121
2019-12-08 02:00:00+00:00,69.78968253968259
2019-12-08 02:20:00+00:00,69.79034391534397
2019-12-08 02:40:00+00:00,69.79100529100533
2019-12-08 03:00:00+00:00,69.79166666666671
2019-12-08 03:20:00+00:00,69.7923280423281
2019-12-08 03:40:00+00:00,69.79298941798946
2019-12-08 04:00:00+00:00,69.79365079365084
2019-12-08 04:20:00+00:00,69.79431216931222
2019-12-08 04:40:00+00:00,69.79497354497359
2019-12-08 05:00:00+00:00,69.79563492063497
2019-12-08 05:20:00+00:00,69.79629629629635
2019-12-08 05:40:00+00:00,69.79695767195771
2019-12-08 06:00:00+00:00,69.7976190476191
2019-12-08 06:20:00+00:00,69.79828042328047
2019-12-08 06:40:00+00:00,69.79894179894184
2019-12-08 07:00:00+00:00,69.79960317460322
2019-12-08 07:20:00+00:00,69.8002645502646
2019-12-08 07:40:00+00:00,69.80092592592597
2019-12-08 08:00:00+00:00,69.80158730158735
2019-12-08 08:20:00+00:00,69.80224867724873
2019-12-08 08:40:00+00:00,69.8029100529101
2019-12-08 09:00:00+00:00,69.80357142857147
2019-12-08 09:20:00+00:00,69.80423280423285
2019-12-08 09:40:00+00:00,69.80489417989422
2019-12-08 10:00:00+00:00,69.8055555555556
2019-12-08 10:20:00+00:00,69.80621693121698
2019-12-08 10:40:00+00:00,69.80687830687835
2019-12-08 11:00:00+00:00,69.80753968253973
2019-12-08 11:20:00+00:00,69.8082010582011
2019-12-08 11:40:00+00:00,69.80886243386247
2019-12-08 12:00:00+00:00,69.80952380952385
2019-12-08 12:20:00+00:00,69.81018518518523
2019-12-08 12:40:00+00:00,69.8108465608466
2019-12-08 13:00:00+00:00,69.81150793650798
2019-12-08 13:20:00+00:00,69.81216931216936
2019-12-08 13:40:00+00:00,69.81283068783073
2019-12-08 14:00:00+00:00,69.8134920634921
2019-12-08 14:20:00+00:00,69.81415343915349
2019-12-08 14:40:00+00:00,69.81481481481485
2019-12-08 15:00:00+00:00,69.81547619047623
2019-12-08 15:20:00+00:00,69.81613756613761
2019-12-08 15:40:00+00:00,69.81679894179898
2019-12-08 16:00:00+00:00,69.81746031746036
2019-12-08 16:20:00+00:00,69.81812169312174
2019-12-08 16:40:00+00:00,69.8187830687831
2019-12-08 17:00:00+00:00,69.81944444444449
2019-12-08 17:20:00+00:00,69.82010582010587
2019-12-08 17:40:00+00:00,69.82076719576723
2019-12-08 18:00:00+00:00,69.82142857142861
2019-12-08 18:20:00+00:00,69.82208994708999
2019-12-08 18:40:00+00:00,69.82275132275136
2019-12-08 19:00:00+00:00,69.82341269841274
2019-12-08 19:20:00+00:00,69.82407407407412
2019-12-08 19:40:00+00:00,69.82473544973548
2019-12-08 20:00:00+00:00,69.82539682539687
2019-12-08 20:20:00+00:00,69.82605820105825
2019-12-08 20:40:00+00:00,69.82671957671961
2019-12-08 21:00:00+00:00,69.82738095238099
2019-12-08 21:20:00+00:00,69.82804232804237
2019-12-08 21:40:00+00:00,69.82870370370374
2019-12-08 22:00:00+00:00,69.82936507936512
2019-12-08 22:20:00+00:00,69.8300264550265
2019-12-08 22:40:00+00:00,69.83068783068786
2019-12-08 23:00:00+00:00,69.83134920634924
2019-12-08 23:20:00+00:00,69.83201058201062
2019-12-08 23:40:00+00:00,69.83267195767199
2019-12-09 00:00:00+00:00,69.83333333333337
2019-12-09 00:20:00+00:00,69.82076719576723
2019-12-09 00:40:00+00:00,69.80820105820109
2019-12-09 01:00:00+00:00,69.79563492063495
2019-12-09 01:20:00+00:00,69.78306878306883
2019-12-09 01:40:00+00:00,69.77050264550269
2019-12-09 02:00:00+00:00,69.75793650793655
2019-12-09 02:20:00+00:00,69.74537037037041
2019-12-09 02:40:00+00:00,69.73280423280427
2019-12-09 03:00:00+00:00,69.72023809523813
2019-12-09 03:20:00+00:00,69.70767195767199
2019-12-09 03:40:00+00:00,69.69510582010587
2019-12-09 04:00:00+00:00,69.68253968253973
2019-12-09 04:20:00+00:00,69.66997354497359
2019-12-09 04:40:00+00:00,69.65740740740745
2019-12-09 05:00:00+00:00,69.64484126984131
2019-12-09 05:20:00+00:00,69.63227513227517
2019-12-09 05:40:00+00:00,69.61970899470903
2019-12-09 06:00:00+00:00,69.60714285714289
2019-12-09 06:20:00+00:00,69.59457671957676
2019-12-09 06:40:00+00:00,69.58201058201062
2019-12-09 07:00:00+00:00,69.56944444444449
2019-12-09 07:20:00+00:00,69.55687830687835
2019-12-09 07:40:00+00:00,69.5443121693122
2019-12-09 08:00:00+00:00,69.53174603174607
2019-12-09 08:20:00+00:00,69.51917989417993
2019-12-09 08:40:00+00:00,69.5066137566138
2019-12-09 09:00:00+00:00,69.49404761904766
2019-12-09 09:20:00+00:00,69.48148148148152
2019-12-09 09:40:00+00:00,69.46891534391538
2019-12-09 10:00:00+00:00,69.45634920634924
2019-12-09 10:20:00+00:00,69.4437830687831
2019-12-09 10:40:00+00:00,69.43121693121697
2019-12-09 11:00:00+00:00,69.41865079365084
2019-12-09 11:20:00+00:00,69.4060846560847
2019-12-09 11:40:00+00:00,69.39351851851856
2019-12-09 12:00:00+00:00,69.38095238095242
2019-12-09 12:20:00+00:00,69.36838624338628
2019-12-09 12:40:00+00:00,69.35582010582014
2019-12-09 13:00:00+00:00,69.343253968254
2019-12-09 13:20:00+00:00,69.33068783068788
2019-12-09 13:40:00+00:00,69.31812169312174
2019-12-09 14:00:00+00:00,69.3055555555556
2019-12-09 14:20:00+00:00,69.29298941798946
2019-12-09 14:40:00+00:00,69.28042328042332
2019-12-09 15:00:00+00:00,69.26785714285718
2019-12-09 15:20:00+00:00,69.25529100529104
2019-12-09 15:40:00+00:00,69.24272486772492
2019-12-09 16:00:00+00:00,69.23015873015878
2019-12-09 16:20:00+00:00,69.21759259259264
2019-12-09 16:40:00+00:00,69.2050264550265
2019-12-09 17:00:00+00:00,69.19246031746036
2019-12-09 17:20:00+00:00,69.17989417989422
2019-12-09 17:40:00+00:00,69.16732804232808
2019-12-09 18:00:00+00:00,69.15476190476195
2019-12-09 18:20:00+00:00,69.14219576719582
2019-12-09 18:40:00+00:00,69.12962962962968
2019-12-09 19:00:00+00:00,69.11706349206354
2019-12-09 19:20:00+00:00,69.1044973544974
2019-12-09 19:40:00+00:00,69.09193121693126
2019-12-09 20:00:00+00:00,69.07936507936512
2019-12-09 20:20:00+00:00,69.06679894179898
2019-12-09 20:40:00+00:00,69.05423280423285
2019-12-09 21:00:00+00:00,69.04166666666671
2019-12-09 21:20:00+00:00,69.02910052910057
2019-12-09 21:40:00+00:00,69.01653439153444
2019-12-09 22:00:00+00:00,69.0039682539683
2019-12-09 22:20:00+00:00,68.99140211640216
2019-12-09 22:40:00+00:00,68.97883597883602
2019-12-09 23:00:00+00:00,68.96626984126989
2019-12-09 23:20:00+00:00,68.95370370370375
2019-12-09 23:40:00+00:00,68.94113756613761
2019-12-10 00:00:00+00:00,68.92857142857147
2019-12-10 00:20:00+00:00,68.92162698412703
2019-12-10 00:40:00+00:00,68.91468253968259
2019-12-10 01:00:00+00:00,68.90773809523814
2019-12-10 01:20:00+00:00,68.9007936507937
2019-12-10 01:40:00+00:00,68.89384920634924
2019-12-10 02:00:00+00:00,68.8869047619048
2019-12-10 02:20:00+00:00,68.87996031746036
2019-12-10 02:40:00+00:00,68.87301587301592
2019-12-10 03:00:00+00:00,68.86607142857147
2019-12-10 03:20:00+00:00,68.85912698412703
2019-12-10 03:40:00+00:00,68.85218253968259
2019-12-10 04:00:00+00:00,68.84523809523814
2019-12-10 04:20:00+00:00,68.8382936507937
2019-12-10 04:40:00+00:00,68.83134920634924
2019-12-10 05:00:00+00:00,68.8244047619048
2019-12-10 05:20:00+00:00,68.81746031746036
2019-12-10 05:40:00+00:00,68.81051587301592
2019-12-10 06:00:00+00:00,68.80357142857147
2019-12-10 06:20:00+00:00,68.79662698412703
2019-12-10 06:40:00+00:00,68.78968253968259
2019-12-10 07:00:00+00:00,68.78273809523814
2019-12-10 07:20:00+00:00,68.7757936507937
2019-12-10 07:40:00+00:00,68.76884920634924
2019-12-10 08:00:00+00:00,68.7619047619048
2019-12-10 08:20:00+00:00,68.75496031746036
2019-12-10 08:40:00+00:00,68.74801587301592
2019-12-10 09:00:00+00:00,68.74107142857147
2019-12-10 09:20:00+00:00,68.73412698412703
2019-12-10 09:40:00+00:00,68.72718253968259
2019-12-10 10:00:00+00:00,68.72023809523814
2019-12-10 10:20:00+00:00,68.7132936507937
2019-12-10 10:40:00+00:00,68.70634920634924
2019-12-10 11:00:00+00:00,68.6994047619048
2019-12-10 11:20:00+00:00,68.69246031746036
2019-12-10 11:40:00+00:00,68.68551587301592
2019-12-10 12:00:00+00:00,68.67857142857147
2019-12-10 12:20:00+00:00,68.67162698412703
2019-12-10 12:40:00+00:00,68.66468253968259
2019-12-10 13:00:00+00:00,68.65773809523814
2019-12-10 13:20:00+00:00,68.6507936507937
2019-12-10 13:40:00+00:00,68.64384920634924
2019-12-10 14:00:00+00:00,68.6369047619048
2019-12-10 14:20:00+00:00,68.62996031746036
2019-12-10 14:40:00+00:00,68.62301587301592
2019-12-10 15:00:00+00:00,68.61607142857147
2019-12-10 15:20:00+00:00,68.60912698412703
2019-12-10 15:40:00+00:00,68.60218253968259
2019-12-10 16:00:00+00:00,68.59523809523814
2019-12-10 16:20:00+00:00,68.5882936507937
2019-12-10 16:40:00+00:00,68.58134920634924
2019-12-10 17:00:00+00:00,68.5744047619048
2019-12-10 17:20:00+00:00,68.56746031746036
2019-12-10 17:40:00+00:00,68.56051587301592
2019-12-10 18:00:00+00:00,68.55357142857147
2019-12-10 18:20:00+00:00,68.54662698412703
2019-12-10 18:40:00+00:00,68.53968253968259
2019-12-10 19:00:00+00:00,68.53273809523814
2019-12-10 19:20:00+00:00,68.5257936507937
2019-12-10 19:40:00+00:00,68.51884920634924
2019-12-10 20:00:00+00:00,68.5119047619048
2019-12-10 20:20:00+00:00,68.50496031746036
2019-12-10 20:40:00+00:00,68.49801587301592
2019-12-10 21:00:00+00:00,68.49107142857147
2019-12-10 21:20:00+00:00,68.48412698412703
2019-12-10 21:40:00+00:00,68.47718253968259
2019-12-10 22:00:00+00:00,68.47023809523814
2019-12-10 22:20:00+00:00,68.4632936507937
2019-12-10 22:40:00+00:00,68.45634920634924
2019-12-10 23:00:00+00:00,68.4494047619048
2019-12-10 23:20:00+00:00,68.44246031746036
2019-12-10 23:40:00+00:00,68.43551587301592
2019-12-11 00:00:00+00:00,68.42857142857147
2019-12-11 00:20:00+00:00,68.45205026455031
2019-12-11 00:40:00+00:00,68.47552910052914
2019-12-11 01:00:00+00:00,68.49900793650798
2019-12-11 01:20:00+00:00,68.52248677248681
2019-12-11 01:40:00+00:00,68.54596560846565
2019-12-11 02:00:00+00:00,68.56944444444449
2019-12-11 02:20:00+00:00,68.59292328042332
2019-12-11 02:40:00+00:00,68.61640211640216
2019-12-11 03:00:00+00:00,68.63988095238099
2019-12-11 03:20:00+00:00,68.66335978835983
2019-12-11 03:40:00+00:00,68.68683862433866
2019-12-11 04:00:00+00:00,68.7103174603175
2019-12-11 04:20:00+00:00,68.73379629629635
2019-12-11 04:40:00+00:00,68.75727513227518
2019-12-11 05:00:00+00:00,68.78075396825402
2019-12-11 05:20:00+00:00,68.80423280423285
2019-12-11 05:40:00+00:00,68.82771164021169
2019-12-11 06:00:00+00:00,68.85119047619052
2019-12-11 06:20:00+00:00,68.87466931216936
2019-12-11 06:40:00+00:00,68.8981481481482
2019-12-11 07:00:00+00:00,68.92162698412703
2019-12-11 07:20:00+00:00,68.94510582010587
2019-12-11 07:40:00+00:00,68.9685846560847
2019-12-11 08:00:00+00:00,68.99206349206354
2019-12-11 08:20:00+00:00,69.01554232804237
2019-12-11 08:40:00+00:00,69.03902116402121
2019-12-11 09:00:00+00:00,69.06250000000004
2019-12-11 09:20:00+00:00,69.08597883597888
2019-12-11 09:40:00+00:00,69.10945767195771
2019-12-11 10:00:00+00:00,69.13293650793655
2019-12-11 10:20:00+00:00,69.15641534391538
2019-12-11 10:40:00+00:00,69.17989417989422
2019-12-11 11:00:00+00:00,69.20337301587305
2019-12-11 11:20:00+00:00,69.22685185185189
2019-12-11 11:40:00+00:00,69.25033068783073
2019-12-11 12:00:00+00:00,69.27380952380958
2019-12-11 12:20:00+00:00,69.29728835978841
2019-12-11 12:40:00+00:00,69.32076719576725
2019-12-11 13:00:00+00:00,69.34424603174608
2019-12-11 13:20:00+00:00,69.36772486772492
2019-12-11 13:40:00+00:00,69.39120370370375
2019-12-11 14:00:00+00:00,69.41468253968259
2019-12-11 14:20:00+00:00,69.43816137566142
2019-12-11 14:40:00+00:00,69.46164021164026
2019-12-11 15:00:00+00:00,69.4851190476191
2019-12-11 15:20:00+00:00,69.50859788359793
2019-12-11 15:40:00+00:00,69.53207671957676
2019-12-11 16:00:00+00:00,69.5555555555556
2019-12-11 16:20:00+00:00,69.57903439153444
2019-12-11 16:40:00+00:00,69.60251322751327
2019-12-11 17:00:00+00:00,69.6259920634921
2019-12-11 17:20:00+00:00,69.64947089947094
2019-12-11 17:40:00+00:00,69.67294973544978
2019-12-11 18:00:00+00:00,69.69642857142861
2019-12-11 18:20:00+00:00,69.71990740740745
2019-12-11 18:40:00+00:00,69.74338624338628
2019-12-11 19:00:00+00:00,69.76686507936512
2019-12-11 19:20:00+00:00,69.79034391534395
2019-12-11 19:40:00+00:00,69.81382275132279
2019-12-11 20:00:00+00:00,69.83730158730162
2019-12-11 20:20:00+00:00,69.86078042328047
2019-12-11 20:40:00+00:00,69.88425925925931
2019-12-11 21:00:00+00:00,69.90773809523814
2019-12-11 21:20:00+00:00,69.93121693121698
2019-12-11 21:40:00+00:00,69.95469576719582
2019-12-11 22:00:00+00:00,69.97817460317465
2019-12-11 22:20:00+00:00,70.00165343915349
2019-12-11 22:40:00+00:00,70.02513227513232
2019-12-11 23:00:00+00:00,70.04861111111116
2019-12-11 23:20:00+00:00,70.07208994708999
2019-12-11 23:40:00+00:00,70.09556878306883
2019-12-12 00:00:00+00:00,70.11904761904766
2019-12-12 00:20:00+00:00,70.13921957671963
2019-12-12 00:40:00+00:00,70.15939153439157
2019-12-12 01:00:00+00:00,70.17956349206354
2019-12-12 01:20:00+00:00,70.1997354497355
2019-12-12 01:40:00+00:00,70.21990740740745
2019-12-12 02:00:00+00:00,70.24007936507941
2019-12-12 02:20:00+00:00,70.26025132275137
2019-12-12 02:40:00+00:00,70.28042328042332
2019-12-12 03:00:00+00:00,70.30059523809528
2019-12-12 03:20:00+00:00,70.32076719576725
2019-12-12 03:40:00+00:00,70.3409391534392
2019-12-12 04:00:00+00:00,70.36111111111116
2019-12-12 04:20:00+00:00,70.3812830687831
2019-12-12 04:40:00+00:00,70.40145502645507
2019-12-12 05:00:00+00:00,70.42162698412703
2019-12-12 05:20:00+00:00,70.44179894179898
2019-12-12 05:40:00+00:00,70.46197089947094
2019-12-12 06:00:00+00:00,70.4821428571429
2019-12-12 06:20:00+00:00,70.50231481481485
2019-12-12 06:40:00+00:00,70.52248677248681
2019-12-12 07:00:00+00:00,70.54265873015878
2019-12-12 07:20:00+00:00,70.56283068783073
2019-12-12 07:40:00+00:00,70.58300264550269
2019-12-12 08:00:00+00:00,70.60317460317465
2019-12-12 08:20:00+00:00,70.6233465608466
2019-12-12 08:40:00+00:00,70.64351851851856
2019-12-12 09:00:00+00:00,70.66369047619052
2019-12-12 09:20:00+00:00,70.68386243386247
2019-12-12 09:40:00+00:00,70.70403439153444
2019-12-12 10:00:00+00:00,70.7242063492064
2019-12-12 10:20:00+00:00,70.74437830687835
2019-12-12 10:40:00+00:00,70.76455026455031
2019-12-12 11:00:00+00:00,70.78472222222227
2019-12-12 11:20:00+00:00,70.80489417989422
2019-12-12 11:40:00+00:00,70.82506613756618
2019-12-12 12:00:00+00:00,70.84523809523813
2019-12-12 12:20:00+00:00,70.8654100529101
2019-12-12 12:40:00+00:00,70.88558201058206
2019-12-12 13:00:00+00:00,70.905753968254
2019-12-12 13:20:00+00:00,70.92592592592597
2019-12-12 13:40:00+00:00,70.94609788359793
2019-12-12 14:00:00+00:00,70.96626984126988
2019-12-12 14:20:00+00:00,70.98644179894184
2019-12-12 14:40:00+00:00,71.0066137566138
2019-12-12 15:00:00+00:00,71.02678571428575
2019-12-12 15:20:00+00:00,71.04695767195771
2019-12-12 15:40:00+00:00,71.06712962962968
2019-12-12 16:00:00+00:00,71.08730158730162
2019-12-12 16:20:00+00:00,71.10747354497359
2019-12-12 16:40:00+00:00,71.12764550264555
2019-12-12 17:00:00+00:00,71.1478174603175
2019-12-12 17:20:00+00:00,71.16798941798946
2019-12-12 17:40:00+00:00,71.18816137566142
2019-12-12 18:00:00+00:00,71.20833333333337
2019-12-12 18:20:00+00:00,71.22850529100533
2019-12-12 18:40:00+00:00,71.2486772486773
2019-12-12 19:00:00+00:00,71.26884920634924
2019-12-12 19:20:00+00:00,71.28902116402121
2019-12-12 19:40:00+00:00,71.30919312169317
2019-12-12 20:00:00+00:00,71.32936507936512
2019-12-12 20:20:00+00:00,71.34953703703708
2019-12-12 20:40:00+00:00,71.36970899470903
2019-12-12 21:00:00+00:00,71.38988095238099
2019-12-12 21:20:00+00:00,71.41005291005295
2019-12-12 21:40:00+00:00,71.4302248677249
2019-12-12 22:00:00+00:00,71.45039682539687
2019-12-12 22:20:00+00:00,71.47056878306883
2019-12-12 22:40:00+00:00,71.49074074074078
2019-12-12 23:00:00+00:00,71.51091269841274
2019-12-12 23:20:00+00:00,71.5310846560847
2019-12-12 23:40:00+00:00,71.55125661375665
2019-12-13 00:00:00+00:00,71.57142857142861
2019-12-13 00:20:00+00:00,71.62003968253973
2019-12-13 00:40:00+00:00,71.66865079365084
2019-12-13 01:00:00+00:00,71.71726190476194
2019-12-13 01:20:00+00:00,71.76587301587305
2019-12-13 01:40:00+00:00,71.81448412698417
2019-12-13 02:00:00+00:00,71.86309523809528
2019-12-13 02:20:00+00:00,71.91170634920638
2019-12-13 02:40:00+00:00,71.9603174603175
2019-12-13 03:00:00+00:00,72.00892857142861
2019-12-13 03:20:00+00:00,72.05753968253973
2019-12-13 03:40:00+00:00,72.10615079365084
2019-12-13 04:00:00+00:00,72.15476190476194
2019-12-13 04:20:00+00:00,72.20337301587305
2019-12-13 04:40:00+00:00,72.25198412698417
2019-12-13 05:00:00+00:00,72.30059523809528
2019-12-13 05:20:00+00:00,72.34920634920638
2019-12-13 05:40:00+00:00,72.3978174603175
2019-12-13 06:00:00+00:00,72.44642857142861
2019-12-13 06:20:00+00:00,72.49503968253973
2019-12-13 06:40:00+00:00,72.54365079365084
2019-12-13 07:00:00+00:00,72.59226190476194
2019-12-13 07:20:00+00:00,72.64087301587305
2019-12-13 07:40:00+00:00,72.68948412698417
2019-12-13 08:00:00+00:00,72.73809523809528
2019-12-13 08:20:00+00:00,72.78670634920638
2019-12-13 08:40:00+00:00,72.8353174603175
2019-12-13 09:00:00+00:00,72.88392857142861
2019-12-13 09:20:00+00:00,72.93253968253973
2019-12-13 09:40:00+00:00,72.98115079365084
2019-12-13 10:00:00+00:00,73.02976190476194
2019-12-13 10:20:00+00:00,73.07837301587305
2019-12-13 10:40:00+00:00,73.12698412698417
2019-12-13 11:00:00+00:00,73.17559523809528
2019-12-13 11:20:00+00:00,73.22420634920638
2019-12-13 11:40:00+00:00,73.2728174603175
2019-12-13 12:00:00+00:00,73.32142857142861
2019-12-13 12:20:00+00:00,73.37003968253973
2019-12-13 12:40:00+00:00,73.41865079365084
2019-12-13 13:00:00+00:00,73.46726190476194
2019-12-13 13:20:00+00:00,73.51587301587305
2019-12-13 13:40:00+00:00,73.56448412698417
2019-12-13 14:00:00+00:00,73.61309523809528
2019-12-13 14:20:00+00:00,73.66170634920638
2019-12-13 14:40:00+00:00,73.7103174603175
2019-12-13 15:00:00+00:00,73.75892857142861
2019-12-13 15:20:00+00:00,73.80753968253973
2019-12-13 15:40:00+00:00,73.85615079365084
2019-12-13 16:00:00+00:00,73.90476190476194
2019-12-13 16:20:00+00:00,73.95337301587305
2019-12-13 16:40:00+00:00,74.00198412698417
2019-12-13 17:00:00+00:00,74.05059523809528
2019-12-13 17:20:00+00:00,74.09920634920638
2019-12-13 17:40:00+00:00,74.1478174603175
2019-12-13 18:00:00+00:00,74.19642857142861
2019-12-13 18:20:00+00:00,74.24503968253973
2019-12-13 18:40:00+00:00,74.29365079365084
2019-12-13 19:00:00+00:00,74.34226190476194
2019-12-13 19:20:00+00:00,74.39087301587305
2019-12-13 19:40:00+00:00,74.43948412698417
2019-12-13 20:00:00+00:00,74.48809523809528
2019-12-13 20:20:00+00:00,74.53670634920638
2019-12-13 20:40:00+00:00,74.5853174603175
2019-12-13 21:00:00+00:00,74.63392857142861
2019-12-13 21:20:00+00:00,74.68253968253973
2019-12-13 21:40:00+00:00,74.73115079365084
2019-12-13 22:00:00+00:00,74.77976190476194
2019-12-13 22:20:00+00:00,74.82837301587305
2019-12-13 22:40:00+00:00,74.87698412698417
2019-12-13 23:00:00+00:00,74.92559523809528
2019-12-13 23:20:00+00:00,74.97420634920638
2019-12-13 23:40:00+00:00,75.0228174603175
2019-12-14 00:00:00+00:00,75.07142857142861
2019-12-14 00:20:00+00:00,75.08234126984131
2019-12-14 00:40:00+00:00,75.093253968254
2019-12-14 01:00:00+00:00,75.10416666666671
2019-12-14 01:20:00+00:00,75.11507936507941
2019-12-14 01:40:00+00:00,75.1259920634921
2019-12-14 02:00:00+00:00,75.1369047619048
2019-12-14 02:20:00+00:00,75.1478174603175
2019-12-14 02:40:00+00:00,75.15873015873021
2019-12-14 03:00:00+00:00,75.1696428571429
2019-12-14 03:20:00+00:00,75.1805555555556
2019-12-14 03:40:00+00:00,75.1914682539683
2019-12-14 04:00:00+00:00,75.20238095238099
2019-12-14 04:20:00+00:00,75.2132936507937
2019-12-14 04:40:00+00:00,75.2242063492064
2019-12-14 05:00:00+00:00,75.2351190476191
2019-12-14 05:20:00+00:00,75.24603174603179
2019-12-14 05:40:00+00:00,75.2569444444445
2019-12-14 06:00:00+00:00,75.2678571428572
2019-12-14 06:20:00+00:00,75.27876984126989
2019-12-14 06:40:00+00:00,75.28968253968259
2019-12-14 07:00:00+00:00,75.30059523809528
2019-12-14 07:20:00+00:00,75.311507936508
2019-12-14 07:40:00+00:00,75.32242063492069
2019-12-14 08:00:00+00:00,75.33333333333339
2019-12-14 08:20:00+00:00,75.34424603174608
2019-12-14 08:40:00+00:00,75.35515873015878
2019-12-14 09:00:00+00:00,75.36607142857149
2019-12-14 09:20:00+00:00,75.37698412698418
2019-12-14 09:40:00+00:00,75.38789682539688
2019-12-14 10:00:00+00:00,75.39880952380958
2019-12-14 10:20:00+00:00,75.40972222222227
2019-12-14 10:40:00+00:00,75.42063492063498
2019-12-14 11:00:00+00:00,75.43154761904768
2019-12-14 11:20:00+00:00,75.44246031746037
2019-12-14 11:40:00+00:00,75.45337301587307
2019-12-14 12:00:00+00:00,75.46428571428578
2019-12-14 12:20:00+00:00,75.47519841269848
2019-12-14 12:40:00+00:00,75.48611111111117
2019-12-14 13:00:00+00:00,75.49702380952387
2019-12-14 13:20:00+00:00,75.50793650793656
2019-12-14 13:40:00+00:00,75.51884920634927
2019-12-14 14:00:00+00:00,75.52976190476197
2019-12-14 14:20:00+00:00,75.54067460317466
2019-12-14 14:40:00+00:00,75.55158730158736
2019-12-14 15:00:00+00:00,75.56250000000006
2019-12-14 15:20:00+00:00,75.57341269841277
2019-12-14 15:40:00+00:00,75.58432539682546
2019-12-14 16:00:00+00:00,75.59523809523816
2019-12-14 16:20:00+00:00,75.60615079365085
2019-12-14 16:40:00+00:00,75.61706349206355
2019-12-14 17:00:00+00:00,75.62797619047626
2019-12-14 17:20:00+00:00,75.63888888888896
2019-12-14 17:40:00+00:00,75.64980158730165
2019-12-14 18:00:00+00:00,75.66071428571435
2019-12-14 18:20:00+00:00,75.67162698412704
2019-12-14 18:40:00+00:00,75.68253968253975
2019-12-14 19:00:00+00:00,75.69345238095245
2019-12-14 19:20:00+00:00,75.70436507936515
2019-12-14 19:40:00+00:00,75.71527777777784
2019-12-14 20:00:00+00:00,75.72619047619054
2019-12-14 20:20:00+00:00,75.73710317460325
2019-12-14 20:40:00+00:00,75.74801587301594
2019-12-14 21:00:00+00:00,75.75892857142864
2019-12-14 21:20:00+00:00,75.76984126984134
2019-12-14 21:40:00+00:00,75.78075396825405
2019-12-14 22:00:00+00:00,75.79166666666674
2019-12-14 22:20:00+00:00,75.80257936507944
2019-12-14 22:40:00+00:00,75.81349206349213
2019-12-14 23:00:00+00:00,75.82440476190483
2019-12-14 23:20:00+00:00,75.83531746031754
2019-12-14 23:40:00+00:00,75.84623015873024
2019-12-15 00:00:00+00:00,75.85714285714293
2019-12-15 00:20:00+00:00,75.85019841269849
2019-12-15 00:40:00+00:00,75.84325396825405
2019-12-15 01:00:00+00:00,75.8363095238096
2019-12-15 01:20:00+00:00,75.82936507936516
2019-12-15 01:40:00+00:00,75.82242063492072
2019-12-15 02:00:00+00:00,75.81547619047626
2019-12-15 02:20:00+00:00,75.80853174603182
2019-12-15 02:40:00+00:00,75.80158730158738
2019-12-15 03:00:00+00:00,75.79464285714293
2019-12-15 03:20:00+00:00,75.78769841269849
2019-12-15 03:40:00+00:00,75.78075396825405
2019-12-15 04:00:00+00:00,75.7738095238096
2019-12-15 04:20:00+00:00,75.76686507936516
2019-12-15 04:40:00+00:00,75.75992063492072
2019-12-15 05:00:00+00:00,75.75297619047628
2019-12-15 05:20:00+00:00,75.74603174603183
2019-12-15 05:40:00+00:00,75.73908730158739
2019-12-15 06:00:00+00:00,75.73214285714295
2019-12-15 06:20:00+00:00,75.72519841269849
2019-12-15 06:40:00+00:00,75.71825396825405
2019-12-15 07:00:00+00:00,75.7113095238096
2019-12-15 07:20:00+00:00,75.70436507936516
2019-12-15 07:40:00+00:00,75.69742063492072
2019-12-15 08:00:00+00:00,75.69047619047628
2019-12-15 08:20:00+00:00,75.68353174603183
2019-12-15 08:40:00+00:00,75.67658730158739
2019-12-15 09:00:00+00:00,75.66964285714295
2019-12-15 09:20:00+00:00,75.6626984126985
2019-12-15 09:40:00+00:00,75.65575396825406
2019-12-15 10:00:00+00:00,75.6488095238096
2019-12-15 10:20:00+00:00,75.64186507936516
2019-12-15 10:40:00+00:00,75.63492063492072
2019-12-15 11:00:00+00:00,75.62797619047628
2019-12-15 11:20:00+00:00,75.62103174603183
2019-12-15 11:40:00+00:00,75.61408730158739
2019-12-15 12:00:00+00:00,75.60714285714295
2019-12-15 12:20:00+00:00,75.6001984126985
2019-12-15 12:40:00+00:00,75.59325396825406
2019-12-15 13:00:00+00:00,75.58630952380962
2019-12-15 13:20:00+00:00,75.57936507936518
2019-12-15 13:40:00+00:00,75.57242063492073
2019-12-15 14:00:00+00:00,75.56547619047629
2019-12-15 14:20:00+00:00,75.55853174603183
2019-12-15 14:40:00+00:00,75.55158730158739
2019-12-15 15:00:00+00:00,75.54464285714295
2019-12-15 15:20:00+00:00,75.5376984126985
2019-12-15 15:40:00+00:00,75.53075396825406
2019-12-15 16:00:00+00:00,75.52380952380962
2019-12-15 16:20:00+00:00,75.51686507936518
2019-12-15 16:40:00+00:00,75.50992063492073
2019-12-15 17:00:00+00:00,75.50297619047629
2019-12-15 17:20:00+00:00,75.49603174603185
2019-12-15 17:40:00+00:00,75.4890873015874
2019-12-15 18:00:00+00:00,75.48214285714295
2019-12-15 18:20:00+00:00,75.4751984126985
2019-12-15 18:40:00+00:00,75.46825396825406
2019-12-15 19:00:00+00:00,75.46130952380962
2019-12-15 19:20:00+00:00,75.45436507936518
2019-12-15 19:40:00+00:00,75.44742063492073
2019-12-15 20:00:00+00:00,75.44047619047629
2019-12-15 20:20:00+00:00,75.43353174603185
2019-12-15 20:40:00+00:00,75.4265873015874
2019-12-15 21:00:00+00:00,75.41964285714296
2019-12-15 21:20:00+00:00,75.41269841269852
2019-12-15 21:40:00+00:00,75.40575396825407
2019-12-15 22:00:00+00:00,75.39880952380963
2019-12-15 22:20:00+00:00,75.39186507936518
2019-12-15 22:40:00+00:00,75.38492063492073
2019-12-15 23:00:00+00:00,75.37797619047629
2019-12-15 23:20:00+00:00,75.37103174603185
2019-12-15 23:40:00+00:00,75.3640873015874
2019-12-16 00:00:00+00:00,75.35714285714296
2019-12-16 00:20:00+00:00,75.33234126984138
2019-12-16 00:40:00+00:00,75.30753968253978
2019-12-16 01:00:00+00:00,75.2827380952382
2019-12-16 01:20:00+00:00,75.25793650793662
2019-12-16 01:40:00+00:00,75.23313492063502
2019-12-16 02:00:00+00:00,75.20833333333344
2019-12-16 02:20:00+00:00,75.18353174603185
2019-12-16 02:40:00+00:00,75.15873015873026
2019-12-16 03:00:00+00:00,75.13392857142868
2019-12-16 03:20:00+00:00,75.10912698412709
2019-12-16 03:40:00+00:00,75.0843253968255
2019-12-16 04:00:00+00:00,75.05952380952391
2019-12-16 04:20:00+00:00,75.03472222222233
2019-12-16 04:40:00+00:00,75.00992063492075
2019-12-16 05:00:00+00:00,74.98511904761915
2019-12-16 05:20:00+00:00,74.96031746031757
2019-12-16 05:40:00+00:00,74.93551587301599
2019-12-16 06:00:00+00:00,74.91071428571439
2019-12-16 06:20:00+00:00,74.88591269841281
2019-12-16 06:40:00+00:00,74.86111111111123
2019-12-16 07:00:00+00:00,74.83630952380963
2019-12-16 07:20:00+00:00,74.81150793650805
2019-12-16 07:40:00+00:00,74.78670634920645
2019-12-16 08:00:00+00:00,74.76190476190487
2019-12-16 08:20:00+00:00,74.73710317460329
2019-12-16 08:40:00+00:00,74.7123015873017
2019-12-16 09:00:00+00:00,74.68750000000011
2019-12-16 09:20:00+00:00,74.66269841269852
2019-12-16 09:40:00+00:00,74.63789682539694
2019-12-16 10:00:00+00:00,74.61309523809535
2019-12-16 10:20:00+00:00,74.58829365079376
2019-12-16 10:40:00+00:00,74.56349206349218
2019-12-16 11:00:00+00:00,74.5386904761906
2019-12-16 11:20:00+00:00,74.513888888889
2019-12-16 11:40:00+00:00,74.48908730158742
2019-12-16 12:00:00+00:00,74.46428571428584
2019-12-16 12:20:00+00:00,74.43948412698424
2019-12-16 12:40:00+00:00,74.41468253968266
2019-12-16 13:00:00+00:00,74.38988095238106
2019-12-16 13:20:00+00:00,74.36507936507948
2019-12-16 13:40:00+00:00,74.3402777777779
2019-12-16 14:00:00+00:00,74.3154761904763
2019-12-16 14:20:00+00:00,74.29067460317472
2019-12-16 14:40:00+00:00,74.26587301587313
2019-12-16 15:00:00+00:00,74.24107142857154
2019-12-16 15:20:00+00:00,74.21626984126996
2019-12-16 15:40:00+00:00,74.19146825396837
2019-12-16 16:00:00+00:00,74.16666666666679
2019-12-16 16:20:00+00:00,74.1418650793652
2019-12-16 16:40:00+00:00,74.11706349206361
2019-12-16 17:00:00+00:00,74.09226190476203
2019-12-16 17:20:00+00:00,74.06746031746044
2019-12-16 17:40:00+00:00,74.04265873015885
2019-12-16 18:00:00+00:00,74.01785714285727
2019-12-16 18:20:00+00:00,73.99305555555567
2019-12-16 18:40:00+00:00,73.96825396825409
2019-12-16 19:00:00+00:00,73.94345238095251
2019-12-16 19:20:00+00:00,73.91865079365091
2019-12-16 19:40:00+00:00,73.89384920634933
2019-12-16 20:00:00+00:00,73.86904761904773
2019-12-16 20:20:00+00:00,73.84424603174615
2019-12-16 20:40:00+00:00,73.81944444444457
2019-12-16 21:00:00+00:00,73.79464285714297
2019-12-16 21:20:00+00:00,73.7698412698414
2019-12-16 21:40:00+00:00,73.74503968253981
2019-12-16 22:00:00+00:00,73.72023809523822
2019-12-16 22:20:00+00:00,73.69543650793663
2019-12-16 22:40:00+00:00,73.67063492063505
2019-12-16 23:00:00+00:00,73.64583333333346
2019-12-16 23:20:00+00:00,73.62103174603187
2019-12-16 23:40:00+00:00,73.59623015873028
2019-12-17 00:00:00+00:00,73.5714285714287
